"id","submitdate","lastpage","startlanguage","seed","G01Q18","proceed","second","G01Q01[SQ001]","G01Q01[SQ002]","G01Q02","G01Q03[SQ001]","G01Q03[SQ002]","G01Q03[SQ005]","G01Q03[SQ003]","G01Q03[SQ006]","G01Q04","G01Q05","G01Q06","G03Q20","G01Q32","G03Q13","G02Q10[SQ001]","G02Q10[SQ002]","G02Q10[SQ003]","G02Q10[SQ004]","G02Q10[SQ005]","G02Q10[SQ008]","G02Q10[SQ006]","G02Q10[SQ007]","G03Q12[SQ001]","G03Q12[SQ005]","G03Q12[SQ002]","G03Q12[SQ003]","G03Q12[SQ004]","G05Q16[SQ001]","G05Q16[SQ002]","G05Q16[SQ007]","G05Q16[SQ008]","G05Q16[SQ003]","G05Q16[SQ004]","G05Q16[SQ006]","G04Q14[SQ001]","G04Q14[SQ002]","G04Q14[SQ003]","G04Q14[SQ004]","G04Q14[SQ005]","G04Q14[SQ007]","G04Q14[SQ006]","G05Q19","G04Q17[SQ001][1]","G04Q17[SQ001][2]","G04Q17[SQ002][1]","G04Q17[SQ002][2]","G04Q17[SQ003][1]","G04Q17[SQ003][2]","G04Q17[SQ004][1]","G04Q17[SQ004][2]","G04Q17[SQ005][1]","G04Q17[SQ005][2]","G04Q17[SQ006][1]","G04Q17[SQ006][2]","G04Q17[SQ007][1]","G04Q17[SQ007][2]","G04Q17[SQ008][1]","G04Q17[SQ008][2]","G04Q17[SQ009][1]","G04Q17[SQ009][2]","G04Q17[SQ010][1]","G04Q17[SQ010][2]","G04Q17[SQ011][1]","G04Q17[SQ011][2]","G04Q17[SQ012][1]","G04Q17[SQ012][2]","G04Q17[SQ013][1]","G04Q17[SQ013][2]","G04Q17[SQ014][1]","G04Q17[SQ014][2]","G06Q17","G06Q17[other]","G07Q20","G01Q21[SQ001]","G01Q21[SQ002]","G01Q21[SQ003]","G01Q21[SQ004]","G01Q21[SQ005]","G01Q21[SQ007]"
"3","1980-01-01 00:00:00","6","en","1438268346","","Yes","No","Yes","No","5 to 10 hours","No","No","No","No","Yes","Passive Participant (Reading posts, Attending Events, ...)","No","Somewhat, I identify as a gamer in certain contexts.","Sentinel","Silver-Gold","","5 (Severe)","5 (Severe)","6 (Very Severe)","5 (Severe)","7 (Extremely Severe)","4 (Moderate)","4 (Moderate)","5 (Severe)","Agree","Agree","Disagree","Strongly disagree","Disagree","Often","Often","Never","Never","Often","Sometimes","Never","Disagree","Agree","Neutral","Agree","Disagree","Agree","Disagree","","4 (Moderate)","Real","4 (Moderate)","Real","5 (Severe)","Real","5 (Severe)","Real","4 (Moderate)","Not Real","4 (Moderate)","Real","4 (Moderate)","Real","6 (Very Severe)","Real","6 (Very Severe)","Real","6 (Very Severe)","Real","7 (Extremely Severe)","Real","4 (Moderate)","Real","5 (Severe)","Real","5 (Severe)","Real","Female","","Under 18 years old","Yes","No","No","No","No","No"
"5","1980-01-01 00:00:00","6","en","20014473","","Yes","No","Yes","No","Less than 5 hours","No","No","No","No","Yes","Not involved (""just"" playing)","No","No, I don't identify as a gamer, even though I play games.","Controller","","","5 (Severe)","4 (Moderate)","6 (Very Severe)","5 (Severe)","4 (Moderate)","5 (Severe)","4 (Moderate)","7 (Extremely Severe)","Neutral","Agree","Disagree","Strongly disagree","Disagree","","","","","","","","Disagree","Strongly agree","Neutral","Disagree","Agree","Disagree","Agree","","4 (Moderate)","Real","4 (Moderate)","Real","5 (Severe)","Real","7 (Extremely Severe)","Real","6 (Very Severe)","Real","","","7 (Extremely Severe)","Real","7 (Extremely Severe)","Real","5 (Severe)","","7 (Extremely Severe)","Real","7 (Extremely Severe)","Real","6 (Very Severe)","Real","5 (Severe)","Real","5 (Severe)","Real","Male","","","No","Yes","No","No","No","No"
"8","1980-01-01 00:00:00","6","en","639262138","","Yes","No","Yes","No","More than 20 hours","No","No","Yes","No","No","Passive Participant (Reading posts, Attending Events, ...)","Yes","Yes, I strongly identify as a gamer.","Duelist","Platinum-Diamond","","7 (Extremely Severe)","7 (Extremely Severe)","5 (Severe)","6 (Very Severe)","5 (Severe)","6 (Very Severe)","7 (Extremely Severe)","4 (Moderate)","Strongly agree","Strongly agree","Agree","Disagree","Strongly agree","Always","Always","Always","Always","Always","Always","Always","Disagree","Agree","Agree","Disagree","Agree","Strongly agree","Disagree","","","Real","4 (Moderate)","","7 (Extremely Severe)","","6 (Very Severe)","","5 (Severe)","","7 (Extremely Severe)","","7 (Extremely Severe)","","7 (Extremely Severe)","","7 (Extremely Severe)","","7 (Extremely Severe)","","7 (Extremely Severe)","","6 (Very Severe)","","5 (Severe)","","5 (Severe)","","Female","","Under 18 years old","No","No","No","Yes","No","No"
"10","1980-01-01 00:00:00","6","en","2100098701","","Yes","No","Yes","No","10 to 20 hours","No","No","No","No","Yes","Active Participant (Posting, Organizing Events, Moderating Communities, ...)","No","Somewhat, I identify as a gamer in certain contexts.","Duelist","Ascendant-Immortal1","","7 (Extremely Severe)","6 (Very Severe)","7 (Extremely Severe)","7 (Extremely Severe)","4 (Moderate)","3 (Mild)","7 (Extremely Severe)","2 (Very Mild)","Neutral","Disagree","Strongly disagree","Disagree","Strongly disagree","Always","Always","Never","Never","Always","Never","Never","Strongly disagree","Agree","Disagree","Agree","Strongly disagree","Neutral","Agree","","2 (Very Mild)","Not Real","2 (Very Mild)","Real","3 (Mild)","Not Real","4 (Moderate)","Real","3 (Mild)","Real","","Not Real","3 (Mild)","Real","4 (Moderate)","Not Real","3 (Mild)","Not Real","5 (Severe)","Real","7 (Extremely Severe)","Real","3 (Mild)","Real","1 (Not Severe at All)","Not Real","1 (Not Severe at All)","Real","Male","","18 - 25 years old","No","No","Yes","No","No","No"
"11","1980-01-01 00:00:00","6","en","554790474","","Yes","No","Yes","No","More than 20 hours","No","No","Yes","Yes","No","Passive Participant (Reading posts, Attending Events, ...)","No","Somewhat, I identify as a gamer in certain contexts.","Duelist","Silver-Gold","","7 (Extremely Severe)","7 (Extremely Severe)","7 (Extremely Severe)","7 (Extremely Severe)","7 (Extremely Severe)","7 (Extremely Severe)","7 (Extremely Severe)","6 (Very Severe)","Agree","Strongly agree","Neutral","Disagree","Agree","Always","Always","Always","Always","Always","Always","Rarely","Strongly disagree","Strongly disagree","Strongly agree","Strongly disagree","Neutral","Strongly agree","Strongly disagree","","4 (Moderate)","Real","6 (Very Severe)","Real","7 (Extremely Severe)","Real","7 (Extremely Severe)","Real","5 (Severe)","Real","6 (Very Severe)","Real","7 (Extremely Severe)","Real","7 (Extremely Severe)","Real","7 (Extremely Severe)","Real","7 (Extremely Severe)","Real","7 (Extremely Severe)","Real","6 (Very Severe)","Real","5 (Severe)","Real","5 (Severe)","Real","Male","","25 - 35 years old","No","No","No","Yes","No","No"
"13","1980-01-01 00:00:00","6","en","1201670324","","Yes","No","Yes","No","10 to 20 hours","No","No","No","Yes","No","Passive Participant (Reading posts, Attending Events, ...)","No","Yes, I strongly identify as a gamer.","Sentinel","Iron-Bronze","","7 (Extremely Severe)","7 (Extremely Severe)","7 (Extremely Severe)","7 (Extremely Severe)","7 (Extremely Severe)","7 (Extremely Severe)","7 (Extremely Severe)","7 (Extremely Severe)","Agree","Agree","Strongly disagree","Neutral","Agree","Always","Always","Sometimes","Sometimes","Often","Often","Rarely","Strongly disagree","Agree","Agree","Disagree","Neutral","Strongly disagree","Neutral","","4 (Moderate)","Real","5 (Severe)","Real","5 (Severe)","Real","7 (Extremely Severe)","Real","6 (Very Severe)","Real","5 (Severe)","Not Real","6 (Very Severe)","Real","6 (Very Severe)","Not Real","6 (Very Severe)","Real","7 (Extremely Severe)","Real","7 (Extremely Severe)","Real","6 (Very Severe)","Real","5 (Severe)","Not Real","6 (Very Severe)","Real","Male","","Under 18 years old","Yes","No","No","No","No","No"
"14","1980-01-01 00:00:00","6","en","1811205501","","Yes","No","Yes","No","10 to 20 hours","No","No","Yes","No","No","Not involved (""just"" playing)","No","Yes, I strongly identify as a gamer.","Initiator","Platinum-Diamond","","7 (Extremely Severe)","5 (Severe)","7 (Extremely Severe)","7 (Extremely Severe)","6 (Very Severe)","7 (Extremely Severe)","7 (Extremely Severe)","6 (Very Severe)","Neutral","Strongly agree","Disagree","Strongly disagree","Agree","Sometimes","Often","Rarely","Never","Sometimes","Sometimes","Never","Strongly disagree","Neutral","Neutral","Neutral","Disagree","Agree","Disagree","","3 (Mild)","","6 (Very Severe)","","6 (Very Severe)","","7 (Extremely Severe)","","6 (Very Severe)","","5 (Severe)","","6 (Very Severe)","","5 (Severe)","","7 (Extremely Severe)","","7 (Extremely Severe)","","7 (Extremely Severe)","","6 (Very Severe)","","5 (Severe)","","7 (Extremely Severe)","","Male","","18 - 25 years old","No","No","No","Yes","No","No"
"15","1980-01-01 00:00:00","6","en","318930297","","Yes","No","Yes","No","10 to 20 hours","No","No","No","No","Yes","Not involved (""just"" playing)","No","No, I don't identify as a gamer, even though I play games.","Controller","Iron-Bronze","","5 (Severe)","6 (Very Severe)","6 (Very Severe)","7 (Extremely Severe)","4 (Moderate)","5 (Severe)","7 (Extremely Severe)","3 (Mild)","Agree","Strongly agree","Strongly disagree","Agree","Strongly disagree","Rarely","Sometimes","Never","Never","Often","Often","Never","Strongly disagree","Strongly disagree","Strongly agree","Disagree","Strongly disagree","Strongly agree","Strongly disagree","","1 (Not Severe at All)","","4 (Moderate)","","3 (Mild)","","6 (Very Severe)","","4 (Moderate)","","3 (Mild)","","3 (Mild)","","4 (Moderate)","","5 (Severe)","","7 (Extremely Severe)","","7 (Extremely Severe)","","4 (Moderate)","","3 (Mild)","","1 (Not Severe at All)","","Male","","Under 18 years old","No","No","No","Yes","No","No"
"16","1980-01-01 00:00:00","6","en","173146722","","Yes","No","Yes","No","More than 20 hours","No","No","No","No","Yes","Active Participant (Posting, Organizing Events, Moderating Communities, ...)","Yes","No, I don't identify as a gamer, even though I play games.","Initiator","Ascendant-Immortal1","","5 (Severe)","5 (Severe)","7 (Extremely Severe)","7 (Extremely Severe)","6 (Very Severe)","6 (Very Severe)","7 (Extremely Severe)","5 (Severe)","Neutral","Strongly agree","Strongly agree","Strongly disagree","Agree","Always","Always","Rarely","Never","Always","Often","Rarely","Strongly disagree","Strongly disagree","Strongly agree","Strongly disagree","Agree","Strongly agree","Disagree","","4 (Moderate)","Real","4 (Moderate)","Real","5 (Severe)","Real","7 (Extremely Severe)","Real","6 (Very Severe)","Real","6 (Very Severe)","Real","5 (Severe)","Real","6 (Very Severe)","Real","6 (Very Severe)","Real","7 (Extremely Severe)","Real","7 (Extremely Severe)","Real","7 (Extremely Severe)","Real","6 (Very Severe)","Real","6 (Very Severe)","Real","Non-binary","","18 - 25 years old","Yes","No","No","No","No","No"
"17","1980-01-01 00:00:00","6","en","667808333","","Yes","No","Yes","No","10 to 20 hours","No","No","No","No","Yes","Passive Participant (Reading posts, Attending Events, ...)","Yes","Yes, I strongly identify as a gamer.","Duelist","Ascendant-Immortal1","","5 (Severe)","4 (Moderate)","6 (Very Severe)","5 (Severe)","4 (Moderate)","3 (Mild)","7 (Extremely Severe)","7 (Extremely Severe)","Disagree","Strongly agree","Strongly agree","Strongly disagree","Disagree","Often","Sometimes","Rarely","Never","Sometimes","Never","Never","Strongly agree","Strongly disagree","Agree","Strongly disagree","Agree","Strongly agree","Strongly disagree","","4 (Moderate)","Real","5 (Severe)","Real","3 (Mild)","Real","6 (Very Severe)","Real","3 (Mild)","Real","1 (Not Severe at All)","Not Real","2 (Very Mild)","Real","4 (Moderate)","Not Real","4 (Moderate)","Real","7 (Extremely Severe)","Real","7 (Extremely Severe)","Real","5 (Severe)","Real","3 (Mild)","Real","6 (Very Severe)","Real","Female","","Under 18 years old","Yes","No","No","No","No","No"
"19","1980-01-01 00:00:00","6","en","10536691","","Yes","No","Yes","No","10 to 20 hours","No","No","No","Yes","No","Passive Participant (Reading posts, Attending Events, ...)","No","Yes, I strongly identify as a gamer.","Sentinel","Platinum-Diamond","","4 (Moderate)","1 (Not Severe at All)","5 (Severe)","5 (Severe)","7 (Extremely Severe)","5 (Severe)","4 (Moderate)","6 (Very Severe)","Neutral","Agree","Neutral","Neutral","Neutral","Always","Always","Often","Sometimes","Sometimes","Sometimes","Sometimes","Strongly disagree","Neutral","Strongly agree","Neutral","Strongly agree","Agree","Strongly agree","","3 (Mild)","Real","","Real","2 (Very Mild)","Not Real","5 (Severe)","Real","1 (Not Severe at All)","Real","3 (Mild)","Real","1 (Not Severe at All)","Real","1 (Not Severe at All)","Not Real","2 (Very Mild)","Real","5 (Severe)","Real","6 (Very Severe)","Real","3 (Mild)","Real","1 (Not Severe at All)","Not Real","6 (Very Severe)","Real","Female","","25 - 35 years old","Yes","No","No","No","No","No"
"20","1980-01-01 00:00:00","6","en","1467982965","","Yes","Yes","No","No","","No","No","No","No","No","","","","","","","","","","","","","","","","","","","","","","","","","","","","","","","","","","","2 (Very Mild)","Real","3 (Mild)","Real","6 (Very Severe)","Real","4 (Moderate)","Real","4 (Moderate)","Real","5 (Severe)","Real","4 (Moderate)","Real","6 (Very Severe)","Real","4 (Moderate)","Real","6 (Very Severe)","Real","7 (Extremely Severe)","Real","3 (Mild)","Real","4 (Moderate)","Real","4 (Moderate)","Real","Female","","18 - 25 years old","No","No","No","Yes","No","No"
"21","1980-01-01 00:00:00","6","en","1275552230","","Yes","No","Yes","No","Less than 5 hours","No","No","No","No","Yes","Passive Participant (Reading posts, Attending Events, ...)","No","Yes, I strongly identify as a gamer.","Duelist","Platinum-Diamond","","7 (Extremely Severe)","7 (Extremely Severe)","7 (Extremely Severe)","7 (Extremely Severe)","7 (Extremely Severe)","7 (Extremely Severe)","7 (Extremely Severe)","4 (Moderate)","Neutral","Strongly agree","Agree","Disagree","Strongly agree","Always","Always","Rarely","Often","Always","Often","Rarely","Strongly disagree","Disagree","Agree","Strongly disagree","Agree","Strongly agree","Neutral","","1 (Not Severe at All)","Real","5 (Severe)","Real","7 (Extremely Severe)","Real","7 (Extremely Severe)","Real","4 (Moderate)","Real","5 (Severe)","Real","4 (Moderate)","Real","5 (Severe)","Real","4 (Moderate)","Real","7 (Extremely Severe)","Real","7 (Extremely Severe)","Real","7 (Extremely Severe)","Real","6 (Very Severe)","Real","6 (Very Severe)","Real","Non-binary","","25 - 35 years old","No","No","No","Yes","No","No"
"23","1980-01-01 00:00:00","6","en","506072929","","Yes","No","Yes","No","10 to 20 hours","No","No","No","No","Yes","Passive Participant (Reading posts, Attending Events, ...)","No","Somewhat, I identify as a gamer in certain contexts.","Initiator","Platinum-Diamond","","3 (Mild)","1 (Not Severe at All)","5 (Severe)","4 (Moderate)","6 (Very Severe)","5 (Severe)","4 (Moderate)","4 (Moderate)","Agree","Agree","Neutral","Agree","Disagree","Sometimes","Sometimes","Rarely","Rarely","Often","Often","Rarely","Neutral","Agree","Disagree","Neutral","Disagree","Neutral","Agree","","4 (Moderate)","Real","4 (Moderate)","Real","2 (Very Mild)","Real","5 (Severe)","Real","1 (Not Severe at All)","Real","2 (Very Mild)","Real","2 (Very Mild)","Real","4 (Moderate)","Real","2 (Very Mild)","Not Real","6 (Very Severe)","Real","6 (Very Severe)","Real","4 (Moderate)","Real","4 (Moderate)","Real","5 (Severe)","Real","Male","","18 - 25 years old","No","No","No","Yes","No","No"
"24","1980-01-01 00:00:00","6","en","2064052713","","Yes","No","Yes","No","10 to 20 hours","No","No","No","No","Yes","Passive Participant (Reading posts, Attending Events, ...)","Yes","Yes, I strongly identify as a gamer.","Controller","Silver-Gold","","4 (Moderate)","2 (Very Mild)","5 (Severe)","6 (Very Severe)","7 (Extremely Severe)","5 (Severe)","4 (Moderate)","7 (Extremely Severe)","Agree","Strongly agree","Disagree","Strongly disagree","Neutral","Always","Often","Often","Rarely","Often","Never","Never","Agree","Disagree","Agree","Disagree","Disagree","Strongly agree","Strongly disagree","","4 (Moderate)","Real","5 (Severe)","Real","7 (Extremely Severe)","Real","7 (Extremely Severe)","Real","6 (Very Severe)","Real","7 (Extremely Severe)","Real","7 (Extremely Severe)","Real","5 (Severe)","Real","7 (Extremely Severe)","Real","7 (Extremely Severe)","Real","7 (Extremely Severe)","Real","7 (Extremely Severe)","Real","4 (Moderate)","Real","7 (Extremely Severe)","Real","Female","","18 - 25 years old","Yes","No","No","No","No","No"
"26","1980-01-01 00:00:00","6","en","1719189925","","Yes","No","Yes","No","10 to 20 hours","No","No","No","No","Yes","Active Participant (Posting, Organizing Events, Moderating Communities, ...)","Yes","Yes, I strongly identify as a gamer.","Controller","Silver-Gold","","4 (Moderate)","4 (Moderate)","7 (Extremely Severe)","5 (Severe)","5 (Severe)","5 (Severe)","1 (Not Severe at All)","5 (Severe)","Strongly agree","Neutral","Agree","Neutral","Strongly agree","Often","Often","Always","Always","Rarely","Rarely","Always","Neutral","Neutral","Agree","Disagree","Agree","Disagree","Strongly disagree","","5 (Severe)","Real","4 (Moderate)","Real","5 (Severe)","Real","7 (Extremely Severe)","Real","4 (Moderate)","Not Real","5 (Severe)","Real","5 (Severe)","Real","4 (Moderate)","Not Real","4 (Moderate)","Real","5 (Severe)","Not Real","7 (Extremely Severe)","Not Real","7 (Extremely Severe)","Real","3 (Mild)","Not Real","4 (Moderate)","Real","Agender","","25 - 35 years old","No","No","No","Yes","No","No"
"30","1980-01-01 00:00:00","6","en","1229567909","","Yes","No","Yes","No","More than 20 hours","No","No","No","No","Yes","Passive Participant (Reading posts, Attending Events, ...)","No","Yes, I strongly identify as a gamer.","Controller","Silver-Gold","","6 (Very Severe)","6 (Very Severe)","5 (Severe)","4 (Moderate)","5 (Severe)","3 (Mild)","6 (Very Severe)","4 (Moderate)","Agree","Neutral","Disagree","Disagree","Agree","Always","Often","Rarely","Rarely","Always","Always","","Strongly disagree","Agree","Agree","Disagree","Disagree","Neutral","Agree","","1 (Not Severe at All)","Real","3 (Mild)","Real","3 (Mild)","Real","7 (Extremely Severe)","Not Real","4 (Moderate)","Real","4 (Moderate)","Not Real","5 (Severe)","Real","6 (Very Severe)","Real","5 (Severe)","Not Real","7 (Extremely Severe)","Not Real","7 (Extremely Severe)","Not Real","5 (Severe)","Real","4 (Moderate)","Not Real","4 (Moderate)","Real","Male","","Under 18 years old","Yes","No","No","No","No","No"
"32","1980-01-01 00:00:00","6","en","782427684","","Yes","No","Yes","No","5 to 10 hours","No","No","No","No","Yes","Passive Participant (Reading posts, Attending Events, ...)","No","Yes, I strongly identify as a gamer.","Controller","I don't play ranked.","","5 (Severe)","2 (Very Mild)","4 (Moderate)","4 (Moderate)","2 (Very Mild)","5 (Severe)","7 (Extremely Severe)","1 (Not Severe at All)","Agree","Neutral","Strongly disagree","Agree","Disagree","Always","Always","Never","Never","Always","Always","Never","Strongly disagree","Disagree","Strongly disagree","Agree","Strongly disagree","Neutral","Strongly agree","","1 (Not Severe at All)","","5 (Severe)","","5 (Severe)","","6 (Very Severe)","","3 (Mild)","","2 (Very Mild)","","1 (Not Severe at All)","","5 (Severe)","","6 (Very Severe)","","5 (Severe)","","7 (Extremely Severe)","","4 (Moderate)","","3 (Mild)","","2 (Very Mild)","","Male","","Under 18 years old","Yes","No","No","No","No","No"
"33","1980-01-01 00:00:00","6","en","1187062059","","Yes","No","Yes","No","5 to 10 hours","No","No","No","No","Yes","Passive Participant (Reading posts, Attending Events, ...)","No","Yes, I strongly identify as a gamer.","Duelist","I don't play ranked.","","7 (Extremely Severe)","5 (Severe)","7 (Extremely Severe)","7 (Extremely Severe)","5 (Severe)","5 (Severe)","7 (Extremely Severe)","4 (Moderate)","Agree","Agree","Disagree","Disagree","Agree","Often","Often","Sometimes","Sometimes","Often","Often","Never","Strongly disagree","Agree","Agree","Disagree","Neutral","Agree","Disagree","","4 (Moderate)","","4 (Moderate)","","4 (Moderate)","","6 (Very Severe)","","5 (Severe)","","5 (Severe)","","4 (Moderate)","","5 (Severe)","","5 (Severe)","","7 (Extremely Severe)","","7 (Extremely Severe)","","6 (Very Severe)","","4 (Moderate)","","4 (Moderate)","","Male","","25 - 35 years old","No","No","No","Yes","No","No"
"34","1980-01-01 00:00:00","6","en","540324095","","Yes","No","Yes","No","Less than 5 hours","No","No","No","No","Yes","Passive Participant (Reading posts, Attending Events, ...)","Yes","Somewhat, I identify as a gamer in certain contexts.","Controller","Silver-Gold","","7 (Extremely Severe)","7 (Extremely Severe)","7 (Extremely Severe)","7 (Extremely Severe)","7 (Extremely Severe)","6 (Very Severe)","7 (Extremely Severe)","5 (Severe)","Neutral","Strongly agree","Agree","Strongly disagree","Strongly agree","Sometimes","Always","Rarely","Rarely","Sometimes","Never","Never","Strongly disagree","Agree","Agree","Disagree","Strongly disagree","Strongly disagree","Agree","","4 (Moderate)","Real","7 (Extremely Severe)","Real","4 (Moderate)","Not Real","3 (Mild)","Real","4 (Moderate)","Not Real","2 (Very Mild)","Real","5 (Severe)","Real","1 (Not Severe at All)","Not Real","3 (Mild)","Not Real","7 (Extremely Severe)","Real","7 (Extremely Severe)","Real","6 (Very Severe)","Real","4 (Moderate)","Not Real","4 (Moderate)","Real","Male","","Under 18 years old","No","No","No","Yes","No","No"
"37","1980-01-01 00:00:00","6","en","1047861548","","Yes","No","Yes","No","5 to 10 hours","No","No","No","No","Yes","Passive Participant (Reading posts, Attending Events, ...)","No","Somewhat, I identify as a gamer in certain contexts.","Duelist","Iron-Bronze","","1 (Not Severe at All)","1 (Not Severe at All)","1 (Not Severe at All)","2 (Very Mild)","2 (Very Mild)","2 (Very Mild)","1 (Not Severe at All)","1 (Not Severe at All)","Strongly agree","Agree","Strongly disagree","Strongly agree","Disagree","Rarely","Rarely","Sometimes","Sometimes","Sometimes","Sometimes","Never","Neutral","Neutral","Neutral","Agree","Disagree","Neutral","Strongly agree","","1 (Not Severe at All)","Real","2 (Very Mild)","Real","4 (Moderate)","Real","5 (Severe)","Real","4 (Moderate)","Real","3 (Mild)","Real","5 (Severe)","Not Real","5 (Severe)","Not Real","4 (Moderate)","Real","6 (Very Severe)","Real","7 (Extremely Severe)","Real","5 (Severe)","Real","3 (Mild)","Real","5 (Severe)","Real","Female","","18 - 25 years old","No","No","No","Yes","No","No"
"38","1980-01-01 00:00:00","6","en","1870161699","","Yes","No","Yes","No","10 to 20 hours","No","No","No","No","Yes","Passive Participant (Reading posts, Attending Events, ...)","No","Somewhat, I identify as a gamer in certain contexts.","Controller","Silver-Gold","","2 (Very Mild)","1 (Not Severe at All)","4 (Moderate)","4 (Moderate)","5 (Severe)","5 (Severe)","2 (Very Mild)","7 (Extremely Severe)","Neutral","Neutral","Disagree","Agree","Strongly agree","Rarely","Often","Rarely","Never","Sometimes","Rarely","Never","Strongly disagree","Agree","Agree","Neutral","Disagree","Neutral","Agree","","1 (Not Severe at All)","Real","2 (Very Mild)","Real","5 (Severe)","Not Real","5 (Severe)","Not Real","2 (Very Mild)","Real","","","3 (Mild)","Real","6 (Very Severe)","Real","6 (Very Severe)","Real","7 (Extremely Severe)","Not Real","7 (Extremely Severe)","Real","5 (Severe)","Real","4 (Moderate)","Not Real","4 (Moderate)","Real","Male","","18 - 25 years old","Yes","No","No","No","No","No"
"39","1980-01-01 00:00:00","6","en","1943972452","","Yes","No","Yes","No","5 to 10 hours","No","No","No","No","Yes","Passive Participant (Reading posts, Attending Events, ...)","No","Somewhat, I identify as a gamer in certain contexts.","Initiator","Silver-Gold","","7 (Extremely Severe)","7 (Extremely Severe)","5 (Severe)","6 (Very Severe)","5 (Severe)","5 (Severe)","7 (Extremely Severe)","5 (Severe)","Neutral","Agree","Strongly agree","Disagree","Agree","Always","Always","Sometimes","Sometimes","Always","Often","Sometimes","Strongly disagree","Strongly agree","Agree","Disagree","Agree","Strongly disagree","Agree","","4 (Moderate)","Real","5 (Severe)","Real","5 (Severe)","Not Real","5 (Severe)","Real","4 (Moderate)","Real","5 (Severe)","Not Real","4 (Moderate)","Real","5 (Severe)","Real","5 (Severe)","Real","6 (Very Severe)","Real","7 (Extremely Severe)","Real","5 (Severe)","Real","3 (Mild)","Real","5 (Severe)","Real","Female","","18 - 25 years old","No","No","No","Yes","No","No"
"42","1980-01-01 00:00:00","6","en","298595872","","Yes","No","Yes","No","10 to 20 hours","No","No","No","No","Yes","Not involved (""just"" playing)","No","No, I don't identify as a gamer, even though I play games.","Controller","Iron-Bronze","","5 (Severe)","4 (Moderate)","6 (Very Severe)","4 (Moderate)","3 (Mild)","1 (Not Severe at All)","7 (Extremely Severe)","1 (Not Severe at All)","Neutral","Strongly disagree","Strongly disagree","Disagree","Strongly disagree","Always","Always","Rarely","Never","Rarely","Never","Never","Strongly disagree","Agree","Neutral","Neutral","Strongly disagree","Strongly disagree","Agree","","1 (Not Severe at All)","Real","1 (Not Severe at All)","Real","2 (Very Mild)","Real","4 (Moderate)","Not Real","1 (Not Severe at All)","Real","3 (Mild)","Real","2 (Very Mild)","Real","2 (Very Mild)","Not Real","2 (Very Mild)","Real","2 (Very Mild)","Real","6 (Very Severe)","Real","1 (Not Severe at All)","Real","1 (Not Severe at All)","Not Real","3 (Mild)","Real","Male","","18 - 25 years old","No","No","No","Yes","No","No"
"44","1980-01-01 00:00:00","6","en","1525485758","","Yes","No","Yes","No","5 to 10 hours","No","Yes","No","No","No","Not involved (""just"" playing)","No","Yes, I strongly identify as a gamer.","Controller","Silver-Gold","","4 (Moderate)","1 (Not Severe at All)","6 (Very Severe)","4 (Moderate)","7 (Extremely Severe)","4 (Moderate)","2 (Very Mild)","5 (Severe)","Strongly disagree","Strongly agree","Neutral","Disagree","Strongly agree","Always","Always","Sometimes","Rarely","Often","Often","Never","Strongly disagree","Strongly agree","Agree","Agree","Disagree","Neutral","Strongly agree","","1 (Not Severe at All)","Real","1 (Not Severe at All)","Real","5 (Severe)","Real","4 (Moderate)","Real","2 (Very Mild)","Real","2 (Very Mild)","Real","3 (Mild)","Real","3 (Mild)","Real","4 (Moderate)","Real","7 (Extremely Severe)","Real","7 (Extremely Severe)","Real","1 (Not Severe at All)","Real","1 (Not Severe at All)","Real","1 (Not Severe at All)","Real","Male","","25 - 35 years old","No","No","No","Yes","No","No"
"46","1980-01-01 00:00:00","6","en","730622661","","Yes","No","Yes","No","5 to 10 hours","No","No","No","No","Yes","Passive Participant (Reading posts, Attending Events, ...)","No","Yes, I strongly identify as a gamer.","Initiator","Silver-Gold","","5 (Severe)","4 (Moderate)","4 (Moderate)","5 (Severe)","5 (Severe)","6 (Very Severe)","4 (Moderate)","5 (Severe)","Agree","Agree","Agree","Neutral","Strongly agree","Always","Often","Sometimes","Sometimes","Always","Always","Sometimes","Disagree","Agree","Agree","Neutral","Disagree","Neutral","Agree","","7 (Extremely Severe)","Real","5 (Severe)","Real","5 (Severe)","Real","4 (Moderate)","Real","4 (Moderate)","Real","3 (Mild)","Not Real","5 (Severe)","Real","3 (Mild)","Not Real","4 (Moderate)","Not Real","4 (Moderate)","Real","7 (Extremely Severe)","Real","5 (Severe)","Real","4 (Moderate)","Not Real","5 (Severe)","Real","Non-binary","","18 - 25 years old","Yes","No","No","No","No","No"
"47","1980-01-01 00:00:00","6","en","2028347795","","Yes","No","Yes","No","10 to 20 hours","No","No","No","No","Yes","Not involved (""just"" playing)","No","Yes, I strongly identify as a gamer.","Initiator","Ascendant-Immortal1","","3 (Mild)","3 (Mild)","4 (Moderate)","3 (Mild)","2 (Very Mild)","3 (Mild)","4 (Moderate)","2 (Very Mild)","Agree","Strongly disagree","Strongly disagree","Strongly agree","Strongly disagree","Always","Often","Rarely","Rarely","Often","Often","Sometimes","Disagree","Strongly agree","Neutral","Agree","Strongly disagree","Neutral","Strongly agree","","3 (Mild)","Real","3 (Mild)","Real","3 (Mild)","Real","3 (Mild)","Real","2 (Very Mild)","Real","1 (Not Severe at All)","Real","2 (Very Mild)","Real","3 (Mild)","Real","3 (Mild)","Real","4 (Moderate)","Real","5 (Severe)","Real","3 (Mild)","Real","2 (Very Mild)","Real","2 (Very Mild)","Real","Male","","25 - 35 years old","Yes","No","No","No","No","No"
"50","1980-01-01 00:00:00","6","en","1162827623","","Yes","No","Yes","No","10 to 20 hours","No","No","No","No","Yes","Passive Participant (Reading posts, Attending Events, ...)","No","Somewhat, I identify as a gamer in certain contexts.","Initiator","Silver-Gold","","7 (Extremely Severe)","7 (Extremely Severe)","7 (Extremely Severe)","7 (Extremely Severe)","5 (Severe)","5 (Severe)","7 (Extremely Severe)","5 (Severe)","Agree","Agree","Neutral","Disagree","Strongly agree","Often","Often","Never","Never","Often","Rarely","Never","Strongly disagree","Disagree","Agree","Disagree","Neutral","Agree","Neutral","","2 (Very Mild)","Real","3 (Mild)","Real","4 (Moderate)","Real","7 (Extremely Severe)","Real","5 (Severe)","Real","4 (Moderate)","Real","5 (Severe)","Real","6 (Very Severe)","Real","4 (Moderate)","Real","6 (Very Severe)","Real","7 (Extremely Severe)","Real","5 (Severe)","Real","3 (Mild)","Real","3 (Mild)","Real","Male","","18 - 25 years old","Yes","No","No","No","No","No"
"51","1980-01-01 00:00:00","6","en","418866209","","Yes","No","No","Yes","5 to 10 hours","No","No","No","No","Yes","Passive Participant (Reading posts, Attending Events, ...)","No","Somewhat, I identify as a gamer in certain contexts.","Controller","Iron-Bronze","","5 (Severe)","5 (Severe)","7 (Extremely Severe)","7 (Extremely Severe)","5 (Severe)","6 (Very Severe)","7 (Extremely Severe)","4 (Moderate)","Agree","Strongly agree","Strongly disagree","Neutral","Agree","Often","Often","Always","Always","Always","Always","Always","Strongly disagree","Agree","Agree","Disagree","Neutral","Neutral","Agree","","4 (Moderate)","Real","6 (Very Severe)","Real","6 (Very Severe)","Real","6 (Very Severe)","Real","4 (Moderate)","Real","5 (Severe)","Real","6 (Very Severe)","Real","7 (Extremely Severe)","Real","6 (Very Severe)","Real","","Real","7 (Extremely Severe)","Real","5 (Severe)","Real","4 (Moderate)","Real","4 (Moderate)","Real","Male","","18 - 25 years old","Yes","No","No","No","No","No"
"52","1980-01-01 00:00:00","6","en","654448053","","Yes","No","Yes","No","More than 20 hours","No","No","No","No","Yes","Passive Participant (Reading posts, Attending Events, ...)","Yes","Somewhat, I identify as a gamer in certain contexts.","Sentinel","Platinum-Diamond","","5 (Severe)","4 (Moderate)","6 (Very Severe)","6 (Very Severe)","7 (Extremely Severe)","6 (Very Severe)","3 (Mild)","4 (Moderate)","Neutral","Agree","Agree","Disagree","Agree","Often","Always","Sometimes","Often","Always","Often","Sometimes","Disagree","Neutral","Agree","Disagree","Disagree","Neutral","Agree","","4 (Moderate)","Real","3 (Mild)","Real","5 (Severe)","Real","6 (Very Severe)","Real","2 (Very Mild)","Not Real","4 (Moderate)","Real","5 (Severe)","Real","4 (Moderate)","Real","3 (Mild)","Real","6 (Very Severe)","Real","5 (Severe)","Real","5 (Severe)","Real","5 (Severe)","Real","6 (Very Severe)","Real","Male","","25 - 35 years old","Yes","No","No","No","No","No"
"54","1980-01-01 00:00:00","6","en","910025642","","Yes","No","Yes","No","More than 20 hours","No","No","Yes","No","No","Active Participant (Posting, Organizing Events, Moderating Communities, ...)","No","Yes, I strongly identify as a gamer.","Duelist","Ascendant-Immortal1","","5 (Severe)","1 (Not Severe at All)","5 (Severe)","4 (Moderate)","6 (Very Severe)","6 (Very Severe)","6 (Very Severe)","7 (Extremely Severe)","Strongly agree","Agree","Strongly disagree","Disagree","Strongly disagree","Always","Always","Never","Never","Always","Always","Never","Strongly disagree","Strongly disagree","Neutral","Agree","Strongly disagree","Strongly agree","Strongly disagree","","3 (Mild)","Real","4 (Moderate)","Real","4 (Moderate)","Real","5 (Severe)","Real","5 (Severe)","Real","3 (Mild)","Real","2 (Very Mild)","Real","4 (Moderate)","Real","4 (Moderate)","Real","7 (Extremely Severe)","","7 (Extremely Severe)","Real","3 (Mild)","Real","2 (Very Mild)","Real","2 (Very Mild)","Real","Male","","18 - 25 years old","No","No","No","Yes","No","No"
"55","1980-01-01 00:00:00","6","en","1091812707","","Yes","No","Yes","No","Less than 5 hours","No","No","No","No","Yes","Passive Participant (Reading posts, Attending Events, ...)","No","Somewhat, I identify as a gamer in certain contexts.","Controller","Iron-Bronze","","7 (Extremely Severe)","7 (Extremely Severe)","6 (Very Severe)","7 (Extremely Severe)","5 (Severe)","7 (Extremely Severe)","7 (Extremely Severe)","7 (Extremely Severe)","Neutral","Strongly agree","Disagree","Disagree","Agree","Always","Always","Often","Never","Often","Never","Never","Strongly disagree","Disagree","Agree","Strongly disagree","Strongly disagree","Strongly agree","Strongly disagree","","4 (Moderate)","Real","4 (Moderate)","Real","","","7 (Extremely Severe)","Real","2 (Very Mild)","Real","7 (Extremely Severe)","Real","5 (Severe)","","2 (Very Mild)","Real","7 (Extremely Severe)","Real","7 (Extremely Severe)","Real","7 (Extremely Severe)","Real","7 (Extremely Severe)","Real","6 (Very Severe)","Real","7 (Extremely Severe)","Real","Male","","Under 18 years old","Yes","No","No","No","No","No"
"56","1980-01-01 00:00:00","6","en","1688708987","","Yes","No","Yes","No","10 to 20 hours","No","No","No","No","Yes","Not involved (""just"" playing)","Yes","Yes, I strongly identify as a gamer.","Controller","Silver-Gold","","5 (Severe)","2 (Very Mild)","5 (Severe)","5 (Severe)","5 (Severe)","2 (Very Mild)","2 (Very Mild)","5 (Severe)","Neutral","Strongly disagree","Strongly agree","Strongly disagree","Agree","Always","Always","Rarely","Rarely","Always","Always","Sometimes","Strongly disagree","Neutral","Strongly agree","Strongly disagree","Strongly agree","Agree","Strongly disagree","","4 (Moderate)","Real","4 (Moderate)","Real","5 (Severe)","Real","6 (Very Severe)","Real","4 (Moderate)","Real","4 (Moderate)","Real","4 (Moderate)","Real","5 (Severe)","Not Real","4 (Moderate)","Real","6 (Very Severe)","Real","7 (Extremely Severe)","Real","4 (Moderate)","Real","4 (Moderate)","Real","4 (Moderate)","Real","Female","","25 - 35 years old","No","No","No","Yes","No","No"
"59","1980-01-01 00:00:00","6","en","543512477","","Yes","No","Yes","No","5 to 10 hours","No","No","Yes","Yes","No","Not involved (""just"" playing)","Yes","Somewhat, I identify as a gamer in certain contexts.","Controller","Platinum-Diamond","","5 (Severe)","5 (Severe)","6 (Very Severe)","6 (Very Severe)","4 (Moderate)","6 (Very Severe)","7 (Extremely Severe)","4 (Moderate)","Neutral","Strongly agree","Agree","Strongly disagree","Strongly agree","Always","Always","Often","Often","Always","Always","Sometimes","Strongly disagree","Disagree","Agree","Disagree","Agree","Agree","Strongly disagree","","3 (Mild)","Real","4 (Moderate)","Real","4 (Moderate)","Real","5 (Severe)","Real","5 (Severe)","Real","","","3 (Mild)","Real","5 (Severe)","Not Real","4 (Moderate)","Real","6 (Very Severe)","Real","6 (Very Severe)","Real","4 (Moderate)","Real","4 (Moderate)","Real","4 (Moderate)","Real","Female","","18 - 25 years old","Yes","No","No","No","No","No"
"60","1980-01-01 00:00:00","6","en","517418406","","Yes","No","Yes","No","5 to 10 hours","No","No","No","No","Yes","Passive Participant (Reading posts, Attending Events, ...)","Yes","Somewhat, I identify as a gamer in certain contexts.","Controller","Platinum-Diamond","","4 (Moderate)","3 (Mild)","5 (Severe)","4 (Moderate)","4 (Moderate)","3 (Mild)","3 (Mild)","4 (Moderate)","Neutral","Strongly agree","Agree","Strongly disagree","Strongly agree","Always","Always","Never","Never","Always","Always","Never","Strongly disagree","Neutral","Strongly agree","Disagree","Agree","Agree","Neutral","","5 (Severe)","Real","5 (Severe)","Real","6 (Very Severe)","Real","7 (Extremely Severe)","Real","6 (Very Severe)","Real","6 (Very Severe)","Real","6 (Very Severe)","Real","6 (Very Severe)","Real","6 (Very Severe)","Real","7 (Extremely Severe)","Real","7 (Extremely Severe)","Real","5 (Severe)","Real","5 (Severe)","Real","5 (Severe)","Real","Non-binary","","18 - 25 years old","No","No","No","Yes","No","No"
"61","1980-01-01 00:00:00","6","en","1434833068","","Yes","No","No","Yes","Less than 5 hours","No","No","No","No","Yes","Passive Participant (Reading posts, Attending Events, ...)","No","Yes, I strongly identify as a gamer.","Initiator","Iron-Bronze","","7 (Extremely Severe)","7 (Extremely Severe)","7 (Extremely Severe)","7 (Extremely Severe)","7 (Extremely Severe)","7 (Extremely Severe)","7 (Extremely Severe)","7 (Extremely Severe)","Strongly agree","Strongly agree","Strongly disagree","Neutral","Disagree","Always","Always","Never","Never","Often","Often","Never","Strongly disagree","Strongly disagree","Strongly disagree","Strongly agree","Strongly disagree","Strongly agree","Strongly disagree","","1 (Not Severe at All)","Real","4 (Moderate)","Real","6 (Very Severe)","Not Real","7 (Extremely Severe)","Real","7 (Extremely Severe)","Real","5 (Severe)","Real","5 (Severe)","Not Real","7 (Extremely Severe)","Not Real","7 (Extremely Severe)","Not Real","7 (Extremely Severe)","Real","7 (Extremely Severe)","","7 (Extremely Severe)","Real","4 (Moderate)","Real","5 (Severe)","Real","Male","","Under 18 years old","Yes","No","No","No","No","No"
"62","1980-01-01 00:00:00","6","en","1856007081","","Yes","No","Yes","No","10 to 20 hours","No","No","No","No","Yes","Active Participant (Posting, Organizing Events, Moderating Communities, ...)","No","No, I don't identify as a gamer, even though I play games.","Controller","Silver-Gold","","4 (Moderate)","3 (Mild)","5 (Severe)","5 (Severe)","6 (Very Severe)","4 (Moderate)","2 (Very Mild)","7 (Extremely Severe)","Neutral","Strongly agree","Agree","Disagree","Agree","Always","Always","Sometimes","Rarely","Often","Often","Sometimes","Strongly disagree","Disagree","Agree","Disagree","Agree","Agree","Neutral","","3 (Mild)","Real","4 (Moderate)","Real","4 (Moderate)","Real","6 (Very Severe)","Real","4 (Moderate)","Real","3 (Mild)","Not Real","4 (Moderate)","Real","3 (Mild)","Not Real","5 (Severe)","Real","5 (Severe)","Real","7 (Extremely Severe)","Real","5 (Severe)","Real","5 (Severe)","Real","4 (Moderate)","Real","Other","Complicated, like. trans but like in a girl thing way","18 - 25 years old","Yes","No","No","No","No","No"
"63","1980-01-01 00:00:00","6","en","703098772","","Yes","No","Yes","No","More than 20 hours","No","No","No","Yes","No","Passive Participant (Reading posts, Attending Events, ...)","Yes","Somewhat, I identify as a gamer in certain contexts.","Controller","Ascendant-Immortal1","","6 (Very Severe)","6 (Very Severe)","5 (Severe)","7 (Extremely Severe)","4 (Moderate)","4 (Moderate)","7 (Extremely Severe)","3 (Mild)","Neutral","Strongly agree","Agree","Disagree","Strongly agree","Sometimes","Always","Often","Sometimes","Often","Always","Rarely","Strongly disagree","Neutral","Strongly agree","Disagree","Strongly agree","Agree","Agree","","3 (Mild)","Real","5 (Severe)","Real","6 (Very Severe)","Real","3 (Mild)","Real","4 (Moderate)","Real","5 (Severe)","Real","4 (Moderate)","Real","5 (Severe)","Real","5 (Severe)","Real","7 (Extremely Severe)","Real","7 (Extremely Severe)","Real","3 (Mild)","Real","4 (Moderate)","Real","4 (Moderate)","Real","Non-binary","","18 - 25 years old","Yes","No","No","No","No","No"
"65","1980-01-01 00:00:00","6","en","1084513574","","Yes","No","No","Yes","Less than 5 hours","No","No","No","No","Yes","Passive Participant (Reading posts, Attending Events, ...)","No","Yes, I strongly identify as a gamer.","Initiator","Iron-Bronze","","7 (Extremely Severe)","7 (Extremely Severe)","7 (Extremely Severe)","7 (Extremely Severe)","7 (Extremely Severe)","7 (Extremely Severe)","7 (Extremely Severe)","7 (Extremely Severe)","Strongly agree","Strongly agree","Disagree","Neutral","Disagree","Always","Always","Never","Never","Often","Often","Never","Strongly disagree","Strongly disagree","Strongly disagree","Strongly agree","Strongly disagree","Strongly agree","Strongly disagree","","3 (Mild)","Real","5 (Severe)","Real","6 (Very Severe)","Not Real","7 (Extremely Severe)","Real","7 (Extremely Severe)","Real","5 (Severe)","Real","","Not Real","5 (Severe)","Not Real","7 (Extremely Severe)","Not Real","7 (Extremely Severe)","Real","7 (Extremely Severe)","Real","7 (Extremely Severe)","Not Real","4 (Moderate)","Not Real","5 (Severe)","Real","Non-binary","","18 - 25 years old","Yes","No","No","No","No","No"
"66","1980-01-01 00:00:00","6","en","249880839","","Yes","No","Yes","No","More than 20 hours","No","No","No","No","Yes","Passive Participant (Reading posts, Attending Events, ...)","No","Somewhat, I identify as a gamer in certain contexts.","Duelist","Ascendant-Immortal1","","4 (Moderate)","3 (Mild)","5 (Severe)","6 (Very Severe)","5 (Severe)","7 (Extremely Severe)","3 (Mild)","6 (Very Severe)","Neutral","Strongly agree","Disagree","Disagree","Agree","Always","Often","Rarely","Rarely","Sometimes","Sometimes","Never","Disagree","Disagree","Neutral","Disagree","Strongly disagree","Agree","Neutral","","3 (Mild)","Real","3 (Mild)","Real","5 (Severe)","Real","6 (Very Severe)","Real","2 (Very Mild)","Real","5 (Severe)","Real","6 (Very Severe)","Not Real","5 (Severe)","Real","5 (Severe)","Not Real","7 (Extremely Severe)","Real","7 (Extremely Severe)","Real","5 (Severe)","Real","4 (Moderate)","Real","3 (Mild)","Real","Male","","18 - 25 years old","No","No","No","Yes","No","No"
"69","1980-01-01 00:00:00","6","en","1155630624","","Yes","No","Yes","No","5 to 10 hours","No","No","No","No","Yes","Passive Participant (Reading posts, Attending Events, ...)","No","Somewhat, I identify as a gamer in certain contexts.","Controller","Silver-Gold","","3 (Mild)","2 (Very Mild)","4 (Moderate)","4 (Moderate)","5 (Severe)","5 (Severe)","4 (Moderate)","5 (Severe)","Agree","Strongly agree","Agree","Disagree","Strongly agree","Often","Sometimes","Rarely","Rarely","Always","Always","Rarely","Disagree","Disagree","Agree","Disagree","Disagree","Agree","Neutral","","3 (Mild)","Real","5 (Severe)","Not Real","6 (Very Severe)","Real","5 (Severe)","Real","5 (Severe)","Real","4 (Moderate)","Not Real","6 (Very Severe)","Real","6 (Very Severe)","Real","5 (Severe)","Not Real","6 (Very Severe)","Real","6 (Very Severe)","Real","5 (Severe)","Real","5 (Severe)","Real","5 (Severe)","Real","Male","","18 - 25 years old","Yes","No","No","No","No","No"
"71","1980-01-01 00:00:00","6","en","804733118","","Yes","No","Yes","No","More than 20 hours","No","No","No","No","Yes","Passive Participant (Reading posts, Attending Events, ...)","No","Yes, I strongly identify as a gamer.","Controller","Platinum-Diamond","","6 (Very Severe)","2 (Very Mild)","6 (Very Severe)","3 (Mild)","5 (Severe)","2 (Very Mild)","4 (Moderate)","5 (Severe)","Disagree","Strongly agree","Agree","Disagree","Agree","Always","Always","Often","Often","Always","Always","Sometimes","Strongly disagree","Strongly disagree","Agree","Strongly disagree","Agree","Agree","Strongly disagree","","4 (Moderate)","Real","3 (Mild)","Real","6 (Very Severe)","Real","7 (Extremely Severe)","Real","3 (Mild)","Real","5 (Severe)","Real","5 (Severe)","Real","7 (Extremely Severe)","Real","5 (Severe)","Not Real","7 (Extremely Severe)","Real","7 (Extremely Severe)","Real","7 (Extremely Severe)","Real","4 (Moderate)","Real","3 (Mild)","Real","Female","","18 - 25 years old","No","No","No","Yes","No","No"
"73","1980-01-01 00:00:00","6","en","37577705","","Yes","No","Yes","No","10 to 20 hours","No","No","No","Yes","No","Passive Participant (Reading posts, Attending Events, ...)","No","No, I don't identify as a gamer, even though I play games.","Sentinel","Iron-Bronze","","7 (Extremely Severe)","7 (Extremely Severe)","7 (Extremely Severe)","7 (Extremely Severe)","7 (Extremely Severe)","6 (Very Severe)","7 (Extremely Severe)","6 (Very Severe)","Neutral","Strongly agree","Disagree","Disagree","Agree","Always","Always","Never","Never","Rarely","Never","Never","Strongly agree","Strongly disagree","Strongly agree","Strongly disagree","Agree","Strongly agree","Disagree","","5 (Severe)","","5 (Severe)","","6 (Very Severe)","","7 (Extremely Severe)","","7 (Extremely Severe)","","7 (Extremely Severe)","","7 (Extremely Severe)","","7 (Extremely Severe)","","7 (Extremely Severe)","","7 (Extremely Severe)","","7 (Extremely Severe)","","7 (Extremely Severe)","","6 (Very Severe)","","6 (Very Severe)","","Male","","18 - 25 years old","Yes","No","No","No","No","No"
"74","1980-01-01 00:00:00","6","en","1110094174","","Yes","No","Yes","No","5 to 10 hours","No","No","No","No","Yes","Not involved (""just"" playing)","Yes","Somewhat, I identify as a gamer in certain contexts.","Sentinel","I don't play ranked.","","6 (Very Severe)","5 (Severe)","6 (Very Severe)","7 (Extremely Severe)","5 (Severe)","5 (Severe)","7 (Extremely Severe)","5 (Severe)","Disagree","Agree","Strongly agree","Agree","Strongly agree","Always","Always","Sometimes","Rarely","Often","","Rarely","Strongly disagree","Disagree","Agree","Disagree","Agree","Neutral","Agree","","3 (Mild)","Real","2 (Very Mild)","Real","4 (Moderate)","Real","7 (Extremely Severe)","Real","4 (Moderate)","Real","4 (Moderate)","Real","3 (Mild)","Real","4 (Moderate)","Real","4 (Moderate)","Real","7 (Extremely Severe)","Real","7 (Extremely Severe)","Real","6 (Very Severe)","Real","6 (Very Severe)","Real","5 (Severe)","Real","Female","","25 - 35 years old","No","No","No","Yes","No","No"
"75","1980-01-01 00:00:00","6","en","868874698","","Yes","No","Yes","No","5 to 10 hours","No","No","No","No","Yes","Not involved (""just"" playing)","No","Yes, I strongly identify as a gamer.","Initiator","Silver-Gold","","7 (Extremely Severe)","7 (Extremely Severe)","7 (Extremely Severe)","7 (Extremely Severe)","5 (Severe)","4 (Moderate)","7 (Extremely Severe)","4 (Moderate)","Agree","Strongly agree","Strongly agree","Disagree","Agree","Always","Always","Sometimes","Never","Always","Always","Never","Strongly disagree","Strongly agree","Agree","Disagree","Neutral","Agree","Disagree","","4 (Moderate)","Real","3 (Mild)","Real","4 (Moderate)","Real","7 (Extremely Severe)","Real","4 (Moderate)","Real","3 (Mild)","Real","3 (Mild)","Real","4 (Moderate)","Real","6 (Very Severe)","Real","5 (Severe)","Real","7 (Extremely Severe)","Real","5 (Severe)","Real","4 (Moderate)","Real","5 (Severe)","Real","Female","","18 - 25 years old","Yes","No","No","No","No","No"
"76","1980-01-01 00:00:00","6","en","195999938","","Yes","No","Yes","No","More than 20 hours","No","No","No","No","Yes","Active Participant (Posting, Organizing Events, Moderating Communities, ...)","No","No, I don't identify as a gamer, even though I play games.","Duelist","I don't play ranked.","","3 (Mild)","2 (Very Mild)","4 (Moderate)","4 (Moderate)","5 (Severe)","3 (Mild)","6 (Very Severe)","4 (Moderate)","Strongly disagree","Agree","Strongly disagree","Strongly disagree","Strongly disagree","Never","Sometimes","Always","Always","","","Always","Strongly disagree","Agree","Strongly disagree","Strongly agree","Strongly disagree","Neutral","Neutral","","1 (Not Severe at All)","","4 (Moderate)","","3 (Mild)","","4 (Moderate)","","1 (Not Severe at All)","","4 (Moderate)","","3 (Mild)","","4 (Moderate)","","3 (Mild)","","5 (Severe)","","7 (Extremely Severe)","","3 (Mild)","","2 (Very Mild)","","3 (Mild)","","Genderfluid","","18 - 25 years old","Yes","No","No","No","No","No"
"77","1980-01-01 00:00:00","6","en","1816642785","","Yes","No","Yes","No","More than 20 hours","Yes","No","No","No","No","Passive Participant (Reading posts, Attending Events, ...)","No","Yes, I strongly identify as a gamer.","Duelist","Ascendant-Immortal1","","5 (Severe)","3 (Mild)","6 (Very Severe)","6 (Very Severe)","5 (Severe)","6 (Very Severe)","7 (Extremely Severe)","7 (Extremely Severe)","Agree","Strongly agree","Strongly disagree","Disagree","Strongly disagree","Always","Always","Never","Never","Never","Never","Never","Strongly disagree","Disagree","Neutral","Neutral","Disagree","Agree","Neutral","","2 (Very Mild)","Real","3 (Mild)","Real","5 (Severe)","Not Real","7 (Extremely Severe)","Real","3 (Mild)","Real","1 (Not Severe at All)","Not Real","5 (Severe)","Real","7 (Extremely Severe)","Not Real","2 (Very Mild)","Not Real","7 (Extremely Severe)","Real","7 (Extremely Severe)","Real","5 (Severe)","Real","3 (Mild)","Not Real","","Not Real","Male","","Under 18 years old","No","No","Yes","No","No","No"
"78","1980-01-01 00:00:00","6","en","323969587","","Yes","No","Yes","No","More than 20 hours","No","No","No","No","Yes","Passive Participant (Reading posts, Attending Events, ...)","No","Yes, I strongly identify as a gamer.","Sentinel","Ascendant-Immortal1","","5 (Severe)","2 (Very Mild)","6 (Very Severe)","5 (Severe)","6 (Very Severe)","2 (Very Mild)","2 (Very Mild)","2 (Very Mild)","Neutral","Agree","Disagree","Neutral","Disagree","Often","Always","Rarely","Rarely","Always","Always","Sometimes","Strongly disagree","Neutral","Agree","Agree","Disagree","Neutral","Agree","","3 (Mild)","Not Real","2 (Very Mild)","Real","","Not Real","6 (Very Severe)","Real","5 (Severe)","Not Real","5 (Severe)","Not Real","4 (Moderate)","Real","6 (Very Severe)","Not Real","4 (Moderate)","Not Real","6 (Very Severe)","Real","7 (Extremely Severe)","Real","5 (Severe)","Real","4 (Moderate)","Real","4 (Moderate)","Real","","","18 - 25 years old","No","No","No","Yes","No","No"
"80","1980-01-01 00:00:00","6","en","780120621","","Yes","No","Yes","No","10 to 20 hours","No","No","No","No","Yes","Passive Participant (Reading posts, Attending Events, ...)","Yes","Yes, I strongly identify as a gamer.","Controller","Ascendant-Immortal1","","6 (Very Severe)","6 (Very Severe)","4 (Moderate)","6 (Very Severe)","4 (Moderate)","5 (Severe)","7 (Extremely Severe)","5 (Severe)","Strongly disagree","Strongly agree","Agree","Disagree","Disagree","Often","Often","Rarely","Rarely","Often","Always","Sometimes","Strongly disagree","Agree","Neutral","Neutral","Disagree","Agree","Neutral","","3 (Mild)","Real","4 (Moderate)","Real","5 (Severe)","Real","4 (Moderate)","Real","3 (Mild)","Real","2 (Very Mild)","Not Real","5 (Severe)","Real","6 (Very Severe)","Real","5 (Severe)","Real","6 (Very Severe)","Real","7 (Extremely Severe)","Real","4 (Moderate)","Real","3 (Mild)","Not Real","4 (Moderate)","Real","Female","","18 - 25 years old","No","No","No","Yes","No","No"
"82","1980-01-01 00:00:00","6","en","443132252","","Yes","No","Yes","No","10 to 20 hours","No","No","No","No","Yes","Active Participant (Posting, Organizing Events, Moderating Communities, ...)","No","Somewhat, I identify as a gamer in certain contexts.","Duelist","Ascendant-Immortal1","","1 (Not Severe at All)","1 (Not Severe at All)","1 (Not Severe at All)","1 (Not Severe at All)","2 (Very Mild)","1 (Not Severe at All)","1 (Not Severe at All)","1 (Not Severe at All)","Neutral","Strongly disagree","Strongly disagree","Neutral","Strongly disagree","Sometimes","Never","Often","Often","Often","Often","Sometimes","Strongly disagree","Strongly agree","Strongly disagree","Strongly agree","Strongly disagree","Strongly disagree","Strongly agree","","2 (Very Mild)","Real","2 (Very Mild)","Real","4 (Moderate)","Real","2 (Very Mild)","Not Real","2 (Very Mild)","Real","2 (Very Mild)","Real","2 (Very Mild)","Real","4 (Moderate)","Real","2 (Very Mild)","Real","6 (Very Severe)","Real","6 (Very Severe)","Real","1 (Not Severe at All)","Real","3 (Mild)","Real","2 (Very Mild)","Real","Male","","25 - 35 years old","No","No","No","Yes","No","No"
"83","1980-01-01 00:00:00","6","en","2012759773","","Yes","No","Yes","No","5 to 10 hours","No","No","Yes","No","No","Passive Participant (Reading posts, Attending Events, ...)","No","Yes, I strongly identify as a gamer.","Initiator","Silver-Gold","","5 (Severe)","4 (Moderate)","7 (Extremely Severe)","6 (Very Severe)","6 (Very Severe)","6 (Very Severe)","4 (Moderate)","7 (Extremely Severe)","Disagree","Strongly agree","Agree","Disagree","Agree","Always","Always","Always","Often","Always","Always","Often","Strongly disagree","Disagree","Agree","Neutral","Disagree","Agree","Disagree","","3 (Mild)","Real","3 (Mild)","Real","5 (Severe)","Real","7 (Extremely Severe)","Real","5 (Severe)","Real","4 (Moderate)","Real","5 (Severe)","Real","7 (Extremely Severe)","Real","6 (Very Severe)","Real","7 (Extremely Severe)","Real","7 (Extremely Severe)","Real","4 (Moderate)","Real","5 (Severe)","Real","4 (Moderate)","Real","Male","","25 - 35 years old","Yes","No","No","No","No","No"
"85","1980-01-01 00:00:00","6","en","2055138956","","Yes","No","Yes","No","5 to 10 hours","Yes","No","No","No","No","Passive Participant (Reading posts, Attending Events, ...)","No","Yes, I strongly identify as a gamer.","Controller","Ascendant-Immortal1","","1 (Not Severe at All)","1 (Not Severe at All)","1 (Not Severe at All)","1 (Not Severe at All)","1 (Not Severe at All)","1 (Not Severe at All)","3 (Mild)","1 (Not Severe at All)","Strongly agree","Strongly disagree","Strongly disagree","Strongly agree","Strongly disagree","Never","Never","Never","Never","Always","Always","Never","Strongly disagree","Strongly agree","Strongly disagree","Strongly agree","Strongly disagree","Strongly disagree","Neutral","","1 (Not Severe at All)","Real","1 (Not Severe at All)","Real","1 (Not Severe at All)","Real","3 (Mild)","","1 (Not Severe at All)","Real","1 (Not Severe at All)","Real","1 (Not Severe at All)","Real","1 (Not Severe at All)","","1 (Not Severe at All)","Real","1 (Not Severe at All)","Real","4 (Moderate)","Not Real","1 (Not Severe at All)","Real","1 (Not Severe at All)","Real","1 (Not Severe at All)","Real","Non-binary","","18 - 25 years old","No","No","No","Yes","No","No"
"87","1980-01-01 00:00:00","6","en","1239397448","","Yes","No","Yes","No","10 to 20 hours","No","No","No","No","Yes","Not involved (""just"" playing)","No","Somewhat, I identify as a gamer in certain contexts.","Initiator","Ascendant-Immortal1","","1 (Not Severe at All)","1 (Not Severe at All)","2 (Very Mild)","1 (Not Severe at All)","1 (Not Severe at All)","1 (Not Severe at All)","2 (Very Mild)","1 (Not Severe at All)","Agree","Disagree","Strongly disagree","Agree","Strongly disagree","Never","Never","Never","Never","Never","Never","Never","Strongly agree","Strongly disagree","Strongly disagree","Strongly agree","Strongly disagree","Strongly disagree","Strongly disagree","","1 (Not Severe at All)","","1 (Not Severe at All)","","1 (Not Severe at All)","","1 (Not Severe at All)","","1 (Not Severe at All)","","1 (Not Severe at All)","","1 (Not Severe at All)","","1 (Not Severe at All)","","1 (Not Severe at All)","","1 (Not Severe at All)","","1 (Not Severe at All)","","1 (Not Severe at All)","","1 (Not Severe at All)","","1 (Not Severe at All)","","Female","","18 - 25 years old","No","No","No","Yes","No","No"
"89","1980-01-01 00:00:00","6","en","611698068","","Yes","No","Yes","No","5 to 10 hours","No","No","Yes","No","No","Passive Participant (Reading posts, Attending Events, ...)","Yes","Yes, I strongly identify as a gamer.","Initiator","I don't play ranked.","","7 (Extremely Severe)","5 (Severe)","7 (Extremely Severe)","7 (Extremely Severe)","7 (Extremely Severe)","7 (Extremely Severe)","7 (Extremely Severe)","7 (Extremely Severe)","Neutral","Strongly agree","Strongly agree","Disagree","Strongly agree","Always","Always","Sometimes","Sometimes","Often","Often","Sometimes","Strongly disagree","Agree","Agree","Neutral","Agree","Agree","Disagree","","5 (Severe)","Real","4 (Moderate)","Real","6 (Very Severe)","Real","7 (Extremely Severe)","Real","7 (Extremely Severe)","Real","7 (Extremely Severe)","Real","6 (Very Severe)","Real","6 (Very Severe)","Real","5 (Severe)","Real","7 (Extremely Severe)","Real","7 (Extremely Severe)","Real","7 (Extremely Severe)","Real","5 (Severe)","Real","5 (Severe)","Real","Female","","18 - 25 years old","No","No","No","Yes","No","No"
"94","1980-01-01 00:00:00","6","en","621649055","","Yes","No","Yes","No","10 to 20 hours","No","No","No","No","Yes","Passive Participant (Reading posts, Attending Events, ...)","No","Yes, I strongly identify as a gamer.","Controller","Platinum-Diamond","","6 (Very Severe)","7 (Extremely Severe)","4 (Moderate)","5 (Severe)","4 (Moderate)","3 (Mild)","7 (Extremely Severe)","6 (Very Severe)","Agree","Agree","Strongly disagree","Neutral","Disagree","Often","Sometimes","Never","Never","Never","Never","Never","Disagree","Neutral","Agree","Agree","Disagree","Neutral","Strongly agree","","3 (Mild)","Real","2 (Very Mild)","Real","6 (Very Severe)","Real","7 (Extremely Severe)","Not Real","3 (Mild)","Not Real","4 (Moderate)","Not Real","5 (Severe)","Not Real","2 (Very Mild)","Real","4 (Moderate)","Not Real","6 (Very Severe)","Not Real","7 (Extremely Severe)","Not Real","6 (Very Severe)","Real","2 (Very Mild)","Real","2 (Very Mild)","Real","Male","","18 - 25 years old","No","No","No","Yes","No","No"
"95","1980-01-01 00:00:00","6","en","1407911749","","Yes","No","Yes","No","More than 20 hours","No","No","No","No","Yes","Passive Participant (Reading posts, Attending Events, ...)","No","Somewhat, I identify as a gamer in certain contexts.","Controller","Immortal2-Immortal3","","6 (Very Severe)","6 (Very Severe)","4 (Moderate)","5 (Severe)","4 (Moderate)","4 (Moderate)","6 (Very Severe)","1 (Not Severe at All)","Agree","Neutral","Strongly disagree","Neutral","Disagree","Sometimes","Sometimes","Never","Never","Always","Always","Never","Neutral","Agree","Disagree","Agree","Strongly disagree","Neutral","Neutral","","1 (Not Severe at All)","Real","4 (Moderate)","Real","3 (Mild)","Real","4 (Moderate)","Real","5 (Severe)","Real","3 (Mild)","Real","4 (Moderate)","Real","4 (Moderate)","Real","4 (Moderate)","Real","5 (Severe)","Real","6 (Very Severe)","Real","4 (Moderate)","Real","3 (Mild)","Real","4 (Moderate)","Real","Male","","18 - 25 years old","Yes","No","No","No","No","No"
"96","1980-01-01 00:00:00","6","en","2134204803","","Yes","No","Yes","No","Less than 5 hours","No","No","Yes","No","No","Passive Participant (Reading posts, Attending Events, ...)","Yes","Yes, I strongly identify as a gamer.","Controller","Silver-Gold","","6 (Very Severe)","6 (Very Severe)","6 (Very Severe)","7 (Extremely Severe)","5 (Severe)","5 (Severe)","7 (Extremely Severe)","5 (Severe)","Disagree","Strongly agree","Strongly agree","Strongly disagree","Strongly agree","Always","Always","Always","Sometimes","Always","Always","Sometimes","Strongly disagree","Strongly disagree","Strongly agree","Strongly disagree","Strongly agree","Strongly agree","Disagree","","2 (Very Mild)","","2 (Very Mild)","","4 (Moderate)","","7 (Extremely Severe)","","3 (Mild)","","","","3 (Mild)","","7 (Extremely Severe)","","4 (Moderate)","","7 (Extremely Severe)","","7 (Extremely Severe)","","7 (Extremely Severe)","","3 (Mild)","","2 (Very Mild)","","Female","","25 - 35 years old","No","No","No","Yes","No","No"
"98","1980-01-01 00:00:00","6","en","309252237","","Yes","No","Yes","No","10 to 20 hours","No","No","No","No","Yes","Not involved (""just"" playing)","Yes","Yes, I strongly identify as a gamer.","Duelist","Iron-Bronze","","1 (Not Severe at All)","1 (Not Severe at All)","4 (Moderate)","5 (Severe)","4 (Moderate)","6 (Very Severe)","2 (Very Mild)","4 (Moderate)","Neutral","Strongly agree","Agree","Disagree","Agree","Rarely","Sometimes","Never","Never","Sometimes","Sometimes","Never","Disagree","Agree","Agree","Disagree","Disagree","Agree","Neutral","","3 (Mild)","Real","3 (Mild)","Real","4 (Moderate)","Real","6 (Very Severe)","Real","3 (Mild)","Real","5 (Severe)","Real","4 (Moderate)","Real","5 (Severe)","Real","4 (Moderate)","Real","6 (Very Severe)","Real","7 (Extremely Severe)","Not Real","5 (Severe)","Real","4 (Moderate)","Real","5 (Severe)","Real","Female","","18 - 25 years old","No","No","No","Yes","No","No"
"99","1980-01-01 00:00:00","6","en","637370787","","Yes","No","Yes","No","Less than 5 hours","No","No","No","No","Yes","Active Participant (Posting, Organizing Events, Moderating Communities, ...)","No","Somewhat, I identify as a gamer in certain contexts.","Sentinel","Iron-Bronze","","6 (Very Severe)","5 (Severe)","5 (Severe)","6 (Very Severe)","4 (Moderate)","5 (Severe)","5 (Severe)","3 (Mild)","Agree","Strongly agree","Disagree","Neutral","Agree","Sometimes","Often","Rarely","Rarely","Always","Always","Never","Strongly disagree","Neutral","Agree","Disagree","Disagree","Agree","Disagree","","1 (Not Severe at All)","Real","2 (Very Mild)","Real","3 (Mild)","Real","6 (Very Severe)","Not Real","","Real","2 (Very Mild)","Real","3 (Mild)","Real","6 (Very Severe)","Not Real","6 (Very Severe)","Real","7 (Extremely Severe)","Real","5 (Severe)","Not Real","4 (Moderate)","Real","3 (Mild)","Real","2 (Very Mild)","Real","Male","","Under 18 years old","No","No","No","Yes","No","No"
"100","1980-01-01 00:00:00","6","en","1382447173","","Yes","No","Yes","No","More than 20 hours","No","No","No","Yes","No","Passive Participant (Reading posts, Attending Events, ...)","No","Yes, I strongly identify as a gamer.","Controller","Silver-Gold","","7 (Extremely Severe)","7 (Extremely Severe)","7 (Extremely Severe)","7 (Extremely Severe)","6 (Very Severe)","5 (Severe)","7 (Extremely Severe)","5 (Severe)","Agree","Strongly agree","Disagree","Disagree","Agree","Often","Often","Sometimes","Sometimes","Always","Always","Rarely","Strongly disagree","Agree","Agree","Disagree","Disagree","Neutral","Agree","","","Real","4 (Moderate)","Real","5 (Severe)","Real","6 (Very Severe)","Real","4 (Moderate)","Real","4 (Moderate)","Real","5 (Severe)","Real","4 (Moderate)","Real","5 (Severe)","Real","7 (Extremely Severe)","Real","7 (Extremely Severe)","Real","5 (Severe)","Real","4 (Moderate)","Real","4 (Moderate)","Real","Male","","18 - 25 years old","No","No","Yes","No","No","No"
"101","1980-01-01 00:00:00","6","en","1388313726","","Yes","No","Yes","No","10 to 20 hours","No","No","No","No","Yes","Passive Participant (Reading posts, Attending Events, ...)","No","Yes, I strongly identify as a gamer.","Controller","Iron-Bronze","","1 (Not Severe at All)","1 (Not Severe at All)","2 (Very Mild)","3 (Mild)","3 (Mild)","3 (Mild)","1 (Not Severe at All)","2 (Very Mild)","Neutral","Strongly agree","Neutral","Disagree","Agree","Always","Always","Never","Never","Rarely","Rarely","Never","Strongly disagree","Disagree","Strongly agree","Agree","Neutral","Neutral","Neutral","","4 (Moderate)","Real","4 (Moderate)","Not Real","5 (Severe)","Real","5 (Severe)","Real","3 (Mild)","Real","4 (Moderate)","Not Real","4 (Moderate)","Real","4 (Moderate)","Real","5 (Severe)","Real","7 (Extremely Severe)","Real","7 (Extremely Severe)","Real","5 (Severe)","Real","4 (Moderate)","Real","4 (Moderate)","Real","Male","","18 - 25 years old","No","No","No","Yes","No","No"
"102","1980-01-01 00:00:00","6","en","2126462425","","Yes","No","Yes","No","More than 20 hours","No","No","No","Yes","No","Passive Participant (Reading posts, Attending Events, ...)","Yes","Somewhat, I identify as a gamer in certain contexts.","Duelist","Silver-Gold","","5 (Severe)","5 (Severe)","6 (Very Severe)","6 (Very Severe)","5 (Severe)","7 (Extremely Severe)","7 (Extremely Severe)","5 (Severe)","Neutral","Strongly agree","Strongly agree","Disagree","Strongly agree","Always","Always","Never","Often","Often","","Rarely","Strongly disagree","Neutral","Strongly agree","Disagree","Agree","Strongly agree","Strongly disagree","","3 (Mild)","Real","4 (Moderate)","Real","5 (Severe)","Real","7 (Extremely Severe)","Real","6 (Very Severe)","Real","5 (Severe)","Not Real","5 (Severe)","Real","6 (Very Severe)","Real","7 (Extremely Severe)","Real","6 (Very Severe)","Real","7 (Extremely Severe)","Real","5 (Severe)","Real","4 (Moderate)","Real","6 (Very Severe)","Real","Female","","Under 18 years old","Yes","No","No","No","No","No"
"103","1980-01-01 00:00:00","6","en","1442613353","","Yes","No","Yes","No","10 to 20 hours","No","No","No","No","Yes","Passive Participant (Reading posts, Attending Events, ...)","Yes","Yes, I strongly identify as a gamer.","Initiator","Silver-Gold","","7 (Extremely Severe)","7 (Extremely Severe)","7 (Extremely Severe)","7 (Extremely Severe)","7 (Extremely Severe)","7 (Extremely Severe)","7 (Extremely Severe)","7 (Extremely Severe)","Disagree","Neutral","Neutral","Disagree","Neutral","","Often","Sometimes","Sometimes","Always","Always","Sometimes","Strongly disagree","Neutral","Agree","Neutral","Neutral","Agree","Agree","","1 (Not Severe at All)","Real","3 (Mild)","Real","4 (Moderate)","Real","5 (Severe)","Real","3 (Mild)","Real","3 (Mild)","Real","4 (Moderate)","Real","5 (Severe)","Real","3 (Mild)","Real","6 (Very Severe)","Real","7 (Extremely Severe)","Real","3 (Mild)","Real","3 (Mild)","Real","5 (Severe)","Real","Male","","25 - 35 years old","No","No","No","Yes","No","No"
"104","1980-01-01 00:00:00","6","en","109268626","","Yes","No","Yes","No","More than 20 hours","Yes","No","No","No","No","Passive Participant (Reading posts, Attending Events, ...)","No","Yes, I strongly identify as a gamer.","Duelist","Ascendant-Immortal1","","7 (Extremely Severe)","6 (Very Severe)","7 (Extremely Severe)","7 (Extremely Severe)","3 (Mild)","3 (Mild)","7 (Extremely Severe)","3 (Mild)","Strongly agree","Strongly agree","Neutral","Disagree","Neutral","Always","Always","Always","Sometimes","Always","Always","Rarely","Strongly disagree","Strongly agree","Strongly agree","Agree","Neutral","Neutral","Agree","","3 (Mild)","","3 (Mild)","","3 (Mild)","","6 (Very Severe)","","3 (Mild)","","5 (Severe)","","4 (Moderate)","","5 (Severe)","","4 (Moderate)","","5 (Severe)","","7 (Extremely Severe)","","5 (Severe)","","4 (Moderate)","","3 (Mild)","","Female","","Under 18 years old","No","No","No","Yes","No","No"
"106","1980-01-01 00:00:00","6","en","1822651921","","Yes","No","Yes","No","10 to 20 hours","No","No","No","No","Yes","Passive Participant (Reading posts, Attending Events, ...)","Yes","Yes, I strongly identify as a gamer.","Initiator","I don't play ranked.","","6 (Very Severe)","6 (Very Severe)","7 (Extremely Severe)","7 (Extremely Severe)","5 (Severe)","6 (Very Severe)","7 (Extremely Severe)","6 (Very Severe)","Agree","Strongly agree","Agree","Disagree","Strongly agree","Always","Always","Often","Sometimes","Often","Often","Rarely","Strongly disagree","Disagree","Neutral","Neutral","Disagree","Agree","Disagree","","2 (Very Mild)","Real","1 (Not Severe at All)","Real","4 (Moderate)","Real","7 (Extremely Severe)","Real","5 (Severe)","Real","3 (Mild)","Real","4 (Moderate)","Real","5 (Severe)","Real","2 (Very Mild)","Real","7 (Extremely Severe)","Real","7 (Extremely Severe)","Real","5 (Severe)","Real","5 (Severe)","Real","3 (Mild)","Real","Female","","25 - 35 years old","Yes","No","No","No","No","No"
"107","1980-01-01 00:00:00","6","en","1271694422","","Yes","No","Yes","No","5 to 10 hours","No","No","No","No","Yes","Not involved (""just"" playing)","No","Yes, I strongly identify as a gamer.","Controller","Iron-Bronze","","1 (Not Severe at All)","1 (Not Severe at All)","3 (Mild)","3 (Mild)","1 (Not Severe at All)","3 (Mild)","1 (Not Severe at All)","3 (Mild)","Agree","Agree","Strongly disagree","Disagree","Strongly agree","Often","Often","Never","Never","Often","Often","Never","Strongly disagree","Agree","Agree","Disagree","Disagree","Neutral","Agree","","2 (Very Mild)","Real","4 (Moderate)","Real","5 (Severe)","Not Real","5 (Severe)","Real","5 (Severe)","Real","3 (Mild)","Real","3 (Mild)","Real","5 (Severe)","Not Real","5 (Severe)","Real","5 (Severe)","Not Real","7 (Extremely Severe)","Not Real","4 (Moderate)","Real","5 (Severe)","Not Real","4 (Moderate)","Real","Male","","18 - 25 years old","No","No","No","Yes","No","No"
"108","1980-01-01 00:00:00","6","en","190652087","","Yes","No","Yes","No","10 to 20 hours","No","No","No","No","Yes","Not involved (""just"" playing)","Yes","Yes, I strongly identify as a gamer.","Duelist","Silver-Gold","","2 (Very Mild)","2 (Very Mild)","3 (Mild)","7 (Extremely Severe)","4 (Moderate)","6 (Very Severe)","7 (Extremely Severe)","5 (Severe)","Agree","Strongly agree","Neutral","Neutral","Agree","Always","Often","Often","Sometimes","Always","Always","Rarely","Disagree","Strongly agree","Neutral","Strongly agree","Disagree","Agree","Strongly agree","","4 (Moderate)","Real","2 (Very Mild)","Real","6 (Very Severe)","Real","3 (Mild)","Real","1 (Not Severe at All)","Not Real","2 (Very Mild)","Real","2 (Very Mild)","Real","3 (Mild)","Real","6 (Very Severe)","Real","5 (Severe)","Not Real","7 (Extremely Severe)","Not Real","1 (Not Severe at All)","Real","2 (Very Mild)","Real","2 (Very Mild)","Real","Female","","18 - 25 years old","Yes","No","No","No","No","No"
"109","1980-01-01 00:00:00","6","en","32589564","","Yes","No","Yes","No","Less than 5 hours","No","No","No","No","Yes","Passive Participant (Reading posts, Attending Events, ...)","No","Yes, I strongly identify as a gamer.","Duelist","Iron-Bronze","","4 (Moderate)","5 (Severe)","4 (Moderate)","5 (Severe)","4 (Moderate)","6 (Very Severe)","7 (Extremely Severe)","5 (Severe)","Strongly agree","Strongly agree","Strongly disagree","Agree","Neutral","","Often","Never","Never","Often","Rarely","Never","Strongly disagree","Agree","Agree","Disagree","Disagree","Agree","Agree","","4 (Moderate)","Not Real","4 (Moderate)","Real","5 (Severe)","Real","7 (Extremely Severe)","Real","6 (Very Severe)","Not Real","","","6 (Very Severe)","Real","7 (Extremely Severe)","Real","7 (Extremely Severe)","Real","7 (Extremely Severe)","Real","7 (Extremely Severe)","Real","5 (Severe)","Real","5 (Severe)","Real","5 (Severe)","Real","Male","","Under 18 years old","No","Yes","No","No","No","No"
"111","1980-01-01 00:00:00","6","en","1654252624","","Yes","No","Yes","No","More than 20 hours","No","No","Yes","No","No","Passive Participant (Reading posts, Attending Events, ...)","No","Yes, I strongly identify as a gamer.","Controller","Silver-Gold","","3 (Mild)","1 (Not Severe at All)","4 (Moderate)","5 (Severe)","5 (Severe)","4 (Moderate)","2 (Very Mild)","5 (Severe)","Strongly agree","Agree","Neutral","Disagree","Neutral","Always","Always","Never","Never","Always","Always","Rarely","Strongly disagree","Strongly agree","Agree","Strongly agree","Strongly disagree","Neutral","Agree","","1 (Not Severe at All)","Real","3 (Mild)","Real","5 (Severe)","Not Real","6 (Very Severe)","Real","2 (Very Mild)","Real","","","4 (Moderate)","Real","2 (Very Mild)","Real","5 (Severe)","Real","7 (Extremely Severe)","Real","7 (Extremely Severe)","Real","6 (Very Severe)","Real","5 (Severe)","Real","2 (Very Mild)","Real","Male","","Under 18 years old","No","No","No","Yes","No","No"
"112","1980-01-01 00:00:00","6","en","1912806522","","Yes","No","Yes","No","5 to 10 hours","No","No","No","No","Yes","Passive Participant (Reading posts, Attending Events, ...)","No","No, I don't identify as a gamer, even though I play games.","Initiator","Silver-Gold","","7 (Extremely Severe)","6 (Very Severe)","7 (Extremely Severe)","7 (Extremely Severe)","5 (Severe)","5 (Severe)","7 (Extremely Severe)","5 (Severe)","Disagree","Agree","Neutral","Disagree","Agree","Often","Always","Often","Rarely","Often","Sometimes","Never","Strongly disagree","Agree","Agree","Disagree","Neutral","Neutral","Agree","","7 (Extremely Severe)","Real","5 (Severe)","Real","7 (Extremely Severe)","Real","6 (Very Severe)","Real","6 (Very Severe)","Real","4 (Moderate)","Real","5 (Severe)","Real","7 (Extremely Severe)","Not Real","7 (Extremely Severe)","Real","6 (Very Severe)","Real","7 (Extremely Severe)","Real","7 (Extremely Severe)","Real","6 (Very Severe)","Real","5 (Severe)","Real","Male","","18 - 25 years old","No","No","No","Yes","No","No"
"114","1980-01-01 00:00:00","6","en","337097094","","Yes","No","Yes","No","10 to 20 hours","No","No","No","No","Yes","Not involved (""just"" playing)","Yes","Yes, I strongly identify as a gamer.","Controller","Platinum-Diamond","","7 (Extremely Severe)","7 (Extremely Severe)","6 (Very Severe)","6 (Very Severe)","5 (Severe)","5 (Severe)","7 (Extremely Severe)","5 (Severe)","Disagree","Strongly agree","Strongly agree","Disagree","Strongly agree","Always","Always","Often","Rarely","Often","Often","Sometimes","Strongly disagree","Disagree","Strongly agree","Strongly disagree","Agree","Agree","Disagree","","3 (Mild)","Real","3 (Mild)","Real","4 (Moderate)","Not Real","5 (Severe)","Real","4 (Moderate)","Real","2 (Very Mild)","Real","4 (Moderate)","Real","6 (Very Severe)","Not Real","5 (Severe)","Real","6 (Very Severe)","Real","7 (Extremely Severe)","Real","6 (Very Severe)","Real","5 (Severe)","Real","4 (Moderate)","Real","Female","","18 - 25 years old","Yes","No","No","No","No","No"
"115","1980-01-01 00:00:00","6","en","1817733033","","Yes","No","Yes","No","More than 20 hours","No","No","Yes","Yes","No","Passive Participant (Reading posts, Attending Events, ...)","No","Yes, I strongly identify as a gamer.","Duelist","Iron-Bronze","","6 (Very Severe)","4 (Moderate)","7 (Extremely Severe)","7 (Extremely Severe)","4 (Moderate)","3 (Mild)","5 (Severe)","7 (Extremely Severe)","Disagree","Strongly agree","Neutral","Strongly disagree","Neutral","Always","Always","Always","Always","Always","Always","Always","Strongly disagree","Neutral","Strongly agree","Disagree","Agree","Neutral","Agree","","3 (Mild)","Real","5 (Severe)","Real","4 (Moderate)","Real","7 (Extremely Severe)","Real","7 (Extremely Severe)","Real","5 (Severe)","Real","4 (Moderate)","Real","7 (Extremely Severe)","Not Real","7 (Extremely Severe)","Real","7 (Extremely Severe)","Real","7 (Extremely Severe)","Real","7 (Extremely Severe)","Real","4 (Moderate)","Real","5 (Severe)","Real","Male","","Over 35 years old","No","No","No","Yes","No","No"
"116","1980-01-01 00:00:00","6","en","226960211","","Yes","No","Yes","No","More than 20 hours","No","No","No","No","Yes","Not involved (""just"" playing)","No","Yes, I strongly identify as a gamer.","Duelist","Silver-Gold","","5 (Severe)","4 (Moderate)","6 (Very Severe)","5 (Severe)","4 (Moderate)","6 (Very Severe)","2 (Very Mild)","4 (Moderate)","Agree","Neutral","Neutral","Neutral","Strongly agree","Sometimes","Always","Rarely","Never","Sometimes","Rarely","Never","Strongly disagree","Strongly disagree","Strongly agree","Disagree","Neutral","Strongly agree","Strongly disagree","","3 (Mild)","Real","3 (Mild)","Real","5 (Severe)","Real","5 (Severe)","Real","4 (Moderate)","Real","4 (Moderate)","Real","3 (Mild)","Real","6 (Very Severe)","Real","6 (Very Severe)","Real","6 (Very Severe)","Real","7 (Extremely Severe)","Real","6 (Very Severe)","Real","4 (Moderate)","Real","4 (Moderate)","Real","Male","","Under 18 years old","No","No","No","Yes","No","No"
"118","1980-01-01 00:00:00","6","en","1351863307","","Yes","No","Yes","No","10 to 20 hours","No","No","No","No","Yes","Passive Participant (Reading posts, Attending Events, ...)","No","Somewhat, I identify as a gamer in certain contexts.","Duelist","Ascendant-Immortal1","","4 (Moderate)","2 (Very Mild)","5 (Severe)","6 (Very Severe)","5 (Severe)","7 (Extremely Severe)","1 (Not Severe at All)","5 (Severe)","Agree","Strongly agree","Agree","Disagree","Strongly agree","Always","Always","Always","Always","Always","Always","Rarely","Strongly disagree","Disagree","Agree","Disagree","Agree","Agree","Disagree","","4 (Moderate)","Real","5 (Severe)","Real","5 (Severe)","Real","6 (Very Severe)","Real","5 (Severe)","Real","5 (Severe)","Real","6 (Very Severe)","Real","5 (Severe)","Not Real","5 (Severe)","Real","6 (Very Severe)","Real","7 (Extremely Severe)","Real","7 (Extremely Severe)","Real","5 (Severe)","Real","6 (Very Severe)","Real","Female","","18 - 25 years old","Yes","No","No","No","No","No"
"123","1980-01-01 00:00:00","6","en","1280472537","","Yes","No","Yes","No","10 to 20 hours","No","No","No","No","Yes","Passive Participant (Reading posts, Attending Events, ...)","No","Yes, I strongly identify as a gamer.","Sentinel","Silver-Gold","","2 (Very Mild)","2 (Very Mild)","6 (Very Severe)","6 (Very Severe)","5 (Severe)","5 (Severe)","3 (Mild)","3 (Mild)","Neutral","Strongly agree","Agree","Neutral","Agree","Always","Always","Often","Sometimes","Often","Sometimes","Never","Strongly disagree","Neutral","Agree","Disagree","Neutral","Agree","Agree","","2 (Very Mild)","Real","4 (Moderate)","Not Real","5 (Severe)","Not Real","5 (Severe)","Real","4 (Moderate)","Not Real","4 (Moderate)","Real","4 (Moderate)","Real","5 (Severe)","Real","5 (Severe)","Not Real","7 (Extremely Severe)","Not Real","7 (Extremely Severe)","Not Real","4 (Moderate)","Real","5 (Severe)","Real","4 (Moderate)","Real","Male","","Under 18 years old","No","No","No","Yes","No","No"
"125","1980-01-01 00:00:00","6","en","860647799","","Yes","No","Yes","No","10 to 20 hours","No","No","No","Yes","No","Not involved (""just"" playing)","No","Yes, I strongly identify as a gamer.","Initiator","I don't play ranked.","","2 (Very Mild)","2 (Very Mild)","5 (Severe)","2 (Very Mild)","4 (Moderate)","1 (Not Severe at All)","7 (Extremely Severe)","2 (Very Mild)","Disagree","Neutral","Disagree","Agree","Strongly agree","Often","Often","Always","Always","Always","Always","Never","Strongly disagree","Neutral","Agree","Disagree","Neutral","Neutral","Disagree","","1 (Not Severe at All)","Real","1 (Not Severe at All)","Not Real","3 (Mild)","Not Real","4 (Moderate)","Real","2 (Very Mild)","Real","4 (Moderate)","Real","4 (Moderate)","Real","5 (Severe)","Real","4 (Moderate)","Not Real","6 (Very Severe)","Not Real","5 (Severe)","Real","4 (Moderate)","Real","2 (Very Mild)","Real","2 (Very Mild)","Real","","","25 - 35 years old","No","No","No","Yes","No","No"
"127","1980-01-01 00:00:00","6","en","52896046","","Yes","No","Yes","No","More than 20 hours","No","No","Yes","No","No","Passive Participant (Reading posts, Attending Events, ...)","No","Yes, I strongly identify as a gamer.","Initiator","Ascendant-Immortal1","","6 (Very Severe)","6 (Very Severe)","6 (Very Severe)","7 (Extremely Severe)","6 (Very Severe)","6 (Very Severe)","7 (Extremely Severe)","5 (Severe)","Strongly agree","Strongly agree","Strongly disagree","Neutral","Neutral","Never","Often","Never","Never","Rarely","Rarely","Never","Strongly disagree","Neutral","Agree","Neutral","Strongly disagree","Agree","Neutral","","1 (Not Severe at All)","Real","3 (Mild)","Real","3 (Mild)","Real","4 (Moderate)","Real","3 (Mild)","Real","3 (Mild)","Real","2 (Very Mild)","Real","3 (Mild)","Not Real","4 (Moderate)","Real","4 (Moderate)","Real","7 (Extremely Severe)","Real","4 (Moderate)","Real","1 (Not Severe at All)","Real","3 (Mild)","Real","Male","","18 - 25 years old","Yes","No","No","No","No","No"
"128","1980-01-01 00:00:00","6","en","1227848670","","Yes","No","Yes","No","10 to 20 hours","No","No","No","No","Yes","Active Participant (Posting, Organizing Events, Moderating Communities, ...)","No","Yes, I strongly identify as a gamer.","Initiator","Silver-Gold","","6 (Very Severe)","5 (Severe)","7 (Extremely Severe)","5 (Severe)","5 (Severe)","5 (Severe)","7 (Extremely Severe)","4 (Moderate)","Neutral","Strongly agree","Neutral","Disagree","Agree","Always","Always","Rarely","Rarely","Sometimes","Sometimes","Never","Disagree","Agree","Agree","Neutral","Neutral","Strongly agree","Disagree","","2 (Very Mild)","","5 (Severe)","","4 (Moderate)","","7 (Extremely Severe)","","4 (Moderate)","","3 (Mild)","","3 (Mild)","","5 (Severe)","","4 (Moderate)","","7 (Extremely Severe)","","7 (Extremely Severe)","","5 (Severe)","","5 (Severe)","","4 (Moderate)","","Male","","18 - 25 years old","No","No","No","Yes","No","No"
"129","1980-01-01 00:00:00","6","en","376730414","","Yes","No","Yes","No","10 to 20 hours","No","No","No","No","Yes","Passive Participant (Reading posts, Attending Events, ...)","No","Somewhat, I identify as a gamer in certain contexts.","Sentinel","Silver-Gold","","5 (Severe)","6 (Very Severe)","6 (Very Severe)","7 (Extremely Severe)","5 (Severe)","5 (Severe)","7 (Extremely Severe)","5 (Severe)","Neutral","Strongly agree","Agree","Neutral","Agree","Always","Often","Never","Never","Often","Rarely","Never","Strongly disagree","Agree","Agree","Disagree","Neutral","Neutral","Agree","","3 (Mild)","Real","5 (Severe)","Real","5 (Severe)","Real","5 (Severe)","Real","3 (Mild)","Real","4 (Moderate)","Real","4 (Moderate)","Real","5 (Severe)","Real","4 (Moderate)","Real","7 (Extremely Severe)","Real","7 (Extremely Severe)","Real","5 (Severe)","Real","2 (Very Mild)","Real","3 (Mild)","Real","Female","","18 - 25 years old","No","No","No","Yes","No","No"
"130","1980-01-01 00:00:00","6","en","150021597","","Yes","No","Yes","No","5 to 10 hours","No","No","No","No","Yes","Active Participant (Posting, Organizing Events, Moderating Communities, ...)","No","Yes, I strongly identify as a gamer.","Duelist","Ascendant-Immortal1","","1 (Not Severe at All)","1 (Not Severe at All)","2 (Very Mild)","2 (Very Mild)","4 (Moderate)","2 (Very Mild)","2 (Very Mild)","2 (Very Mild)","Neutral","Neutral","Neutral","Neutral","Neutral","Never","Never","Never","Never","Rarely","Rarely","Rarely","Strongly disagree","Agree","Disagree","Agree","Strongly disagree","Neutral","Agree","","1 (Not Severe at All)","Real","3 (Mild)","Real","3 (Mild)","Real","4 (Moderate)","Real","2 (Very Mild)","Real","3 (Mild)","Real","2 (Very Mild)","Real","3 (Mild)","Real","3 (Mild)","Real","5 (Severe)","Not Real","7 (Extremely Severe)","Real","3 (Mild)","Real","1 (Not Severe at All)","Real","1 (Not Severe at All)","Real","Male","","18 - 25 years old","No","No","No","Yes","No","No"
"131","1980-01-01 00:00:00","6","en","833008072","","Yes","No","Yes","No","More than 20 hours","No","No","No","No","Yes","Not involved (""just"" playing)","No","Somewhat, I identify as a gamer in certain contexts.","Sentinel","Platinum-Diamond","","3 (Mild)","3 (Mild)","7 (Extremely Severe)","6 (Very Severe)","3 (Mild)","3 (Mild)","7 (Extremely Severe)","4 (Moderate)","Neutral","Neutral","Disagree","Neutral","Disagree","Sometimes","Sometimes","Rarely","Rarely","Sometimes","Sometimes","Rarely","Neutral","Neutral","Disagree","Agree","Disagree","Neutral","Agree","","1 (Not Severe at All)","Real","2 (Very Mild)","Real","3 (Mild)","Real","4 (Moderate)","Real","3 (Mild)","Real","1 (Not Severe at All)","Not Real","2 (Very Mild)","Real","4 (Moderate)","Real","4 (Moderate)","Real","5 (Severe)","Real","6 (Very Severe)","Real","4 (Moderate)","Real","3 (Mild)","Real","3 (Mild)","Real","Male","","18 - 25 years old","Yes","No","No","No","No","No"
"132","1980-01-01 00:00:00","6","en","2141401758","","Yes","No","Yes","No","10 to 20 hours","No","No","No","No","Yes","Passive Participant (Reading posts, Attending Events, ...)","No","Yes, I strongly identify as a gamer.","Sentinel","Silver-Gold","","3 (Mild)","5 (Severe)","6 (Very Severe)","7 (Extremely Severe)","5 (Severe)","4 (Moderate)","7 (Extremely Severe)","5 (Severe)","Neutral","Strongly agree","Disagree","Disagree","Agree","Often","Often","Often","Often","Often","Often","Often","Strongly disagree","Disagree","Agree","Disagree","Agree","Agree","Neutral","","3 (Mild)","Real","4 (Moderate)","Real","4 (Moderate)","Real","6 (Very Severe)","Real","4 (Moderate)","Real","4 (Moderate)","Real","4 (Moderate)","Real","4 (Moderate)","Real","4 (Moderate)","Real","6 (Very Severe)","Real","7 (Extremely Severe)","Real","4 (Moderate)","Real","4 (Moderate)","Real","5 (Severe)","Real","Non-binary","","Under 18 years old","No","No","No","Yes","No","No"
"133","1980-01-01 00:00:00","6","en","1746788992","","Yes","No","Yes","No","Less than 5 hours","No","No","No","No","Yes","Passive Participant (Reading posts, Attending Events, ...)","No","Somewhat, I identify as a gamer in certain contexts.","Initiator","Iron-Bronze","","5 (Severe)","6 (Very Severe)","6 (Very Severe)","7 (Extremely Severe)","4 (Moderate)","7 (Extremely Severe)","7 (Extremely Severe)","4 (Moderate)","Neutral","Strongly agree","Strongly agree","Neutral","Strongly agree","Always","Always","Often","Sometimes","","Often","Sometimes","Strongly disagree","Disagree","Agree","Strongly disagree","Strongly agree","Agree","Disagree","","4 (Moderate)","Real","6 (Very Severe)","Real","6 (Very Severe)","Real","5 (Severe)","Real","4 (Moderate)","Real","5 (Severe)","Real","7 (Extremely Severe)","Real","7 (Extremely Severe)","Real","5 (Severe)","Real","7 (Extremely Severe)","Real","7 (Extremely Severe)","","5 (Severe)","Real","5 (Severe)","Real","5 (Severe)","Real","Female","","18 - 25 years old","No","No","No","Yes","No","No"
"134","1980-01-01 00:00:00","6","en","1631933749","","Yes","No","Yes","No","Less than 5 hours","No","No","No","No","Yes","Passive Participant (Reading posts, Attending Events, ...)","No","Somewhat, I identify as a gamer in certain contexts.","Controller","I don't play ranked.","","4 (Moderate)","4 (Moderate)","5 (Severe)","5 (Severe)","3 (Mild)","4 (Moderate)","5 (Severe)","3 (Mild)","Neutral","Agree","Disagree","Neutral","Neutral","Often","Often","Rarely","Rarely","Often","Often","Sometimes","Strongly disagree","Agree","Neutral","Neutral","Neutral","Agree","Disagree","","3 (Mild)","Real","3 (Mild)","Real","3 (Mild)","Real","6 (Very Severe)","Real","3 (Mild)","Real","3 (Mild)","Real","2 (Very Mild)","Real","6 (Very Severe)","Real","5 (Severe)","Real","7 (Extremely Severe)","Real","7 (Extremely Severe)","Real","6 (Very Severe)","Real","3 (Mild)","Real","2 (Very Mild)","Real","Male","","18 - 25 years old","No","No","No","Yes","No","No"
"135","1980-01-01 00:00:00","6","en","1259653759","","Yes","No","Yes","No","More than 20 hours","Yes","No","No","No","No","Passive Participant (Reading posts, Attending Events, ...)","No","Yes, I strongly identify as a gamer.","Controller","Silver-Gold","","6 (Very Severe)","7 (Extremely Severe)","5 (Severe)","6 (Very Severe)","4 (Moderate)","6 (Very Severe)","7 (Extremely Severe)","3 (Mild)","Strongly agree","Strongly agree","Strongly disagree","Disagree","Strongly agree","Sometimes","Sometimes","Often","Often","Often","Often","Rarely","Strongly disagree","Strongly agree","Strongly disagree","Disagree","Strongly disagree","Agree","Disagree","","4 (Moderate)","Real","4 (Moderate)","Real","5 (Severe)","Real","7 (Extremely Severe)","Real","5 (Severe)","Real","3 (Mild)","Real","5 (Severe)","Real","5 (Severe)","Real","5 (Severe)","Not Real","7 (Extremely Severe)","Real","7 (Extremely Severe)","Real","5 (Severe)","Not Real","3 (Mild)","Real","4 (Moderate)","Real","Male","","18 - 25 years old","Yes","No","No","No","No","No"
"137","1980-01-01 00:00:00","6","en","1584925024","","Yes","No","Yes","No","10 to 20 hours","No","No","No","No","Yes","Passive Participant (Reading posts, Attending Events, ...)","No","Yes, I strongly identify as a gamer.","Controller","Silver-Gold","","4 (Moderate)","2 (Very Mild)","6 (Very Severe)","5 (Severe)","6 (Very Severe)","7 (Extremely Severe)","2 (Very Mild)","6 (Very Severe)","Agree","Strongly agree","Disagree","Disagree","Disagree","Always","Always","Never","Never","Often","Rarely","Never","Strongly disagree","Agree","Strongly agree","Strongly disagree","Disagree","Agree","Neutral","","4 (Moderate)","Real","4 (Moderate)","Real","5 (Severe)","Real","3 (Mild)","Real","5 (Severe)","Real","2 (Very Mild)","Real","5 (Severe)","Real","6 (Very Severe)","Real","4 (Moderate)","Real","7 (Extremely Severe)","Real","7 (Extremely Severe)","Real","5 (Severe)","Real","5 (Severe)","Real","3 (Mild)","Real","Male","","18 - 25 years old","Yes","No","No","No","No","No"
"139","1980-01-01 00:00:00","6","en","311420624","","Yes","No","Yes","No","5 to 10 hours","Yes","No","Yes","No","No","Passive Participant (Reading posts, Attending Events, ...)","No","Somewhat, I identify as a gamer in certain contexts.","Duelist","Platinum-Diamond","","2 (Very Mild)","2 (Very Mild)","5 (Severe)","5 (Severe)","5 (Severe)","5 (Severe)","2 (Very Mild)","4 (Moderate)","Neutral","Strongly agree","Neutral","Disagree","Disagree","Rarely","Often","Rarely","Rarely","Often","Sometimes","Never","Strongly disagree","Agree","Agree","Agree","Disagree","Disagree","Agree","","4 (Moderate)","Real","4 (Moderate)","Real","6 (Very Severe)","Real","5 (Severe)","Real","5 (Severe)","Real","5 (Severe)","Real","4 (Moderate)","Real","6 (Very Severe)","Real","5 (Severe)","Real","7 (Extremely Severe)","Real","7 (Extremely Severe)","Real","5 (Severe)","Real","3 (Mild)","Not Real","4 (Moderate)","Real","Male","","18 - 25 years old","No","No","No","Yes","No","No"
"142","1980-01-01 00:00:00","6","en","1889441713","","Yes","No","Yes","No","Less than 5 hours","No","No","No","No","Yes","Passive Participant (Reading posts, Attending Events, ...)","Yes","Somewhat, I identify as a gamer in certain contexts.","Duelist","Silver-Gold","","3 (Mild)","3 (Mild)","5 (Severe)","5 (Severe)","5 (Severe)","5 (Severe)","3 (Mild)","3 (Mild)","Agree","Agree","Neutral","Neutral","Strongly agree","Always","Always","Sometimes","Rarely","Always","Often","Rarely","Strongly disagree","Neutral","Agree","Disagree","Neutral","Agree","Agree","","5 (Severe)","Real","6 (Very Severe)","Real","7 (Extremely Severe)","Real","7 (Extremely Severe)","Real","7 (Extremely Severe)","Not Real","5 (Severe)","Real","6 (Very Severe)","Real","7 (Extremely Severe)","Real","7 (Extremely Severe)","Real","7 (Extremely Severe)","Real","7 (Extremely Severe)","Real","6 (Very Severe)","Real","4 (Moderate)","Real","5 (Severe)","Real","Female","","Under 18 years old","No","No","No","Yes","No","No"
"145","1980-01-01 00:00:00","6","en","1466381339","","Yes","No","Yes","No","10 to 20 hours","No","No","No","No","Yes","Passive Participant (Reading posts, Attending Events, ...)","No","Somewhat, I identify as a gamer in certain contexts.","Controller","Immortal2-Immortal3","","4 (Moderate)","4 (Moderate)","5 (Severe)","6 (Very Severe)","4 (Moderate)","3 (Mild)","6 (Very Severe)","2 (Very Mild)","Agree","Neutral","Strongly disagree","Neutral","Neutral","Sometimes","Often","Never","Never","Never","Never","","Neutral","Agree","Disagree","Agree","Strongly disagree","Agree","Strongly agree","","1 (Not Severe at All)","Real","1 (Not Severe at All)","Real","4 (Moderate)","Real","3 (Mild)","Real","1 (Not Severe at All)","Real","1 (Not Severe at All)","Real","2 (Very Mild)","Real","5 (Severe)","","3 (Mild)","Real","6 (Very Severe)","Real","7 (Extremely Severe)","Real","2 (Very Mild)","Real","1 (Not Severe at All)","Real","2 (Very Mild)","Real","Male","","25 - 35 years old","No","No","No","Yes","No","No"
"146","1980-01-01 00:00:00","6","en","1328591007","","Yes","No","Yes","No","10 to 20 hours","No","No","No","No","Yes","Passive Participant (Reading posts, Attending Events, ...)","Yes","Yes, I strongly identify as a gamer.","Initiator","Platinum-Diamond","","5 (Severe)","5 (Severe)","4 (Moderate)","5 (Severe)","4 (Moderate)","5 (Severe)","7 (Extremely Severe)","3 (Mild)","Agree","Neutral","Strongly disagree","Neutral","Disagree","Rarely","Always","Never","Never","Rarely","Rarely","Never","Disagree","Neutral","Disagree","Agree","Disagree","Neutral","Strongly agree","","1 (Not Severe at All)","Real","2 (Very Mild)","Real","3 (Mild)","Real","5 (Severe)","Real","4 (Moderate)","Real","2 (Very Mild)","Real","2 (Very Mild)","Real","3 (Mild)","Real","2 (Very Mild)","Real","5 (Severe)","Real","7 (Extremely Severe)","Real","3 (Mild)","Real","2 (Very Mild)","Real","2 (Very Mild)","Real","Male","","25 - 35 years old","Yes","No","No","No","No","No"
"147","1980-01-01 00:00:00","6","en","1550011381","","Yes","No","Yes","No","5 to 10 hours","Yes","No","No","No","No","Passive Participant (Reading posts, Attending Events, ...)","Yes","Somewhat, I identify as a gamer in certain contexts.","Sentinel","Platinum-Diamond","","5 (Severe)","3 (Mild)","7 (Extremely Severe)","7 (Extremely Severe)","6 (Very Severe)","7 (Extremely Severe)","5 (Severe)","7 (Extremely Severe)","Strongly disagree","Strongly agree","Agree","Disagree","Strongly agree","Always","Always","Often","Often","Often","Often","Often","Strongly disagree","Neutral","Agree","Disagree","Agree","Agree","Disagree","","2 (Very Mild)","Real","4 (Moderate)","Real","4 (Moderate)","Real","6 (Very Severe)","Real","3 (Mild)","Real","5 (Severe)","Real","3 (Mild)","Real","3 (Mild)","Real","4 (Moderate)","Real","6 (Very Severe)","Real","7 (Extremely Severe)","Real","5 (Severe)","Real","3 (Mild)","Real","4 (Moderate)","Real","Female","","18 - 25 years old","No","No","No","Yes","No","No"
"150","1980-01-01 00:00:00","6","en","947671585","","Yes","No","No","Yes","5 to 10 hours","No","No","No","No","Yes","Passive Participant (Reading posts, Attending Events, ...)","No","Yes, I strongly identify as a gamer.","Initiator","I don't play ranked.","","7 (Extremely Severe)","7 (Extremely Severe)","3 (Mild)","5 (Severe)","2 (Very Mild)","5 (Severe)","7 (Extremely Severe)","1 (Not Severe at All)","Agree","Neutral","Strongly disagree","Neutral","Neutral","Rarely","Often","Never","Never","Often","Often","Rarely","Disagree","Agree","Strongly agree","Disagree","Disagree","Disagree","Agree","","1 (Not Severe at All)","Not Real","2 (Very Mild)","Real","4 (Moderate)","Real","5 (Severe)","Real","2 (Very Mild)","Real","4 (Moderate)","Not Real","","Real","7 (Extremely Severe)","Real","5 (Severe)","Real","7 (Extremely Severe)","Real","7 (Extremely Severe)","Real","4 (Moderate)","Real","2 (Very Mild)","Not Real","2 (Very Mild)","Real","Male","","","No","No","No","Yes","No","No"
"153","1980-01-01 00:00:00","6","en","812701731","","Yes","No","Yes","No","10 to 20 hours","No","No","No","No","Yes","Not involved (""just"" playing)","No","No, I don't identify as a gamer, even though I play games.","Initiator","Silver-Gold","","6 (Very Severe)","4 (Moderate)","4 (Moderate)","4 (Moderate)","5 (Severe)","3 (Mild)","7 (Extremely Severe)","4 (Moderate)","Disagree","Disagree","Agree","Neutral","Strongly agree","Rarely","Rarely","Never","Rarely","Rarely","Rarely","Never","Disagree","Agree","Disagree","Agree","Strongly disagree","Agree","Agree","","1 (Not Severe at All)","Real","3 (Mild)","Real","3 (Mild)","Real","3 (Mild)","Not Real","2 (Very Mild)","Real","2 (Very Mild)","Not Real","2 (Very Mild)","Real","2 (Very Mild)","Real","3 (Mild)","Real","3 (Mild)","Real","4 (Moderate)","Not Real","3 (Mild)","Real","1 (Not Severe at All)","Real","2 (Very Mild)","Real","Male","","18 - 25 years old","No","No","No","Yes","No","No"
"154","1980-01-01 00:00:00","6","en","540903579","","Yes","No","Yes","No","More than 20 hours","No","No","Yes","Yes","No","Passive Participant (Reading posts, Attending Events, ...)","No","Somewhat, I identify as a gamer in certain contexts.","Initiator","I don't play ranked.","","3 (Mild)","3 (Mild)","4 (Moderate)","5 (Severe)","4 (Moderate)","6 (Very Severe)","1 (Not Severe at All)","4 (Moderate)","Agree","Strongly agree","Neutral","Strongly disagree","Strongly agree","Often","Always","Sometimes","Sometimes","Always","Always","Never","Strongly disagree","Neutral","Strongly agree","Strongly disagree","Agree","Disagree","Agree","","3 (Mild)","Real","3 (Mild)","Real","4 (Moderate)","Not Real","6 (Very Severe)","Real","5 (Severe)","Real","4 (Moderate)","Real","4 (Moderate)","Real","3 (Mild)","Not Real","5 (Severe)","Real","6 (Very Severe)","Not Real","7 (Extremely Severe)","Real","4 (Moderate)","Real","4 (Moderate)","Real","4 (Moderate)","Real","Female","","18 - 25 years old","Yes","No","No","No","No","No"
"157","1980-01-01 00:00:00","6","en","1850820517","","Yes","No","Yes","No","5 to 10 hours","No","No","No","No","Yes","Passive Participant (Reading posts, Attending Events, ...)","No","Somewhat, I identify as a gamer in certain contexts.","Controller","Iron-Bronze","","5 (Severe)","5 (Severe)","7 (Extremely Severe)","7 (Extremely Severe)","7 (Extremely Severe)","6 (Very Severe)","7 (Extremely Severe)","5 (Severe)","Neutral","Strongly agree","Disagree","Disagree","Strongly agree","Always","Always","Never","Never","Sometimes","Sometimes","Never","Strongly disagree","Strongly agree","Neutral","Strongly agree","Strongly disagree","Neutral","Strongly agree","","3 (Mild)","Real","4 (Moderate)","Real","6 (Very Severe)","Real","6 (Very Severe)","Real","2 (Very Mild)","Real","3 (Mild)","Real","5 (Severe)","Real","6 (Very Severe)","Real","5 (Severe)","Real","6 (Very Severe)","Real","7 (Extremely Severe)","Real","5 (Severe)","Real","3 (Mild)","Real","1 (Not Severe at All)","Real","Female","","18 - 25 years old","No","No","No","Yes","No","No"
"158","1980-01-01 00:00:00","6","en","1260105590","","Yes","Yes","No","No","","No","No","No","No","No","","","","","","","","","","","","","","","","","","","","","","","","","","","","","","","","","","","4 (Moderate)","Real","3 (Mild)","Real","5 (Severe)","Real","7 (Extremely Severe)","Real","3 (Mild)","Not Real","2 (Very Mild)","Real","2 (Very Mild)","Not Real","6 (Very Severe)","Not Real","4 (Moderate)","Not Real","7 (Extremely Severe)","Not Real","7 (Extremely Severe)","Not Real","7 (Extremely Severe)","Real","4 (Moderate)","Real","5 (Severe)","Real","Non-binary","","18 - 25 years old","No","No","No","Yes","No","No"
"160","1980-01-01 00:00:00","6","en","1282858482","","Yes","No","Yes","No","5 to 10 hours","No","No","No","No","Yes","Passive Participant (Reading posts, Attending Events, ...)","No","Somewhat, I identify as a gamer in certain contexts.","Controller","I don't play ranked.","","2 (Very Mild)","1 (Not Severe at All)","3 (Mild)","5 (Severe)","5 (Severe)","6 (Very Severe)","2 (Very Mild)","4 (Moderate)","Disagree","Strongly agree","Agree","Neutral","Strongly agree","Always","Always","Often","Sometimes","Often","Rarely","Rarely","Disagree","Strongly agree","Disagree","Agree","Neutral","Disagree","Strongly agree","","1 (Not Severe at All)","Not Real","3 (Mild)","Real","6 (Very Severe)","Not Real","7 (Extremely Severe)","Real","2 (Very Mild)","Not Real","4 (Moderate)","Real","7 (Extremely Severe)","Real","7 (Extremely Severe)","Not Real","5 (Severe)","Real","7 (Extremely Severe)","Real","7 (Extremely Severe)","Real","5 (Severe)","Real","3 (Mild)","Real","4 (Moderate)","Real","Agender","","18 - 25 years old","No","Yes","No","No","No","No"
"161","1980-01-01 00:00:00","6","en","445213670","","Yes","No","Yes","No","Less than 5 hours","No","No","No","No","Yes","Passive Participant (Reading posts, Attending Events, ...)","Yes","Somewhat, I identify as a gamer in certain contexts.","Controller","Silver-Gold","","5 (Severe)","5 (Severe)","6 (Very Severe)","7 (Extremely Severe)","5 (Severe)","7 (Extremely Severe)","7 (Extremely Severe)","3 (Mild)","Neutral","Strongly agree","Disagree","Strongly disagree","Strongly agree","Sometimes","Often","Often","Sometimes","Often","Often","Sometimes","Strongly disagree","Neutral","Agree","Disagree","Strongly disagree","Disagree","Agree","","3 (Mild)","Real","7 (Extremely Severe)","Real","6 (Very Severe)","Real","5 (Severe)","Real","6 (Very Severe)","Real","5 (Severe)","Real","","Real","7 (Extremely Severe)","Real","5 (Severe)","Real","7 (Extremely Severe)","Real","7 (Extremely Severe)","Real","5 (Severe)","Real","4 (Moderate)","Not Real","4 (Moderate)","Real","Male","","18 - 25 years old","No","No","No","Yes","No","No"
"164","1980-01-01 00:00:00","6","en","1027276608","","Yes","No","Yes","No","10 to 20 hours","No","No","No","No","Yes","Passive Participant (Reading posts, Attending Events, ...)","No","Somewhat, I identify as a gamer in certain contexts.","Initiator","Ascendant-Immortal1","","6 (Very Severe)","6 (Very Severe)","5 (Severe)","4 (Moderate)","5 (Severe)","3 (Mild)","7 (Extremely Severe)","3 (Mild)","Agree","Strongly agree","Strongly disagree","Strongly disagree","Strongly agree","Always","Often","Often","Often","Often","Often","Often","Strongly disagree","Neutral","Agree","Strongly agree","Strongly disagree","Strongly agree","Strongly disagree","","2 (Very Mild)","Real","2 (Very Mild)","Real","5 (Severe)","Not Real","3 (Mild)","Real","6 (Very Severe)","Real","4 (Moderate)","Real","4 (Moderate)","Real","6 (Very Severe)","Real","6 (Very Severe)","Real","6 (Very Severe)","Real","7 (Extremely Severe)","Not Real","6 (Very Severe)","Real","5 (Severe)","Real","6 (Very Severe)","Real","Male","","18 - 25 years old","No","No","No","Yes","No","No"
"166","1980-01-01 00:00:00","6","en","616337668","","Yes","No","Yes","No","10 to 20 hours","No","No","No","No","Yes","Active Participant (Posting, Organizing Events, Moderating Communities, ...)","Yes","Somewhat, I identify as a gamer in certain contexts.","Sentinel","Iron-Bronze","","2 (Very Mild)","1 (Not Severe at All)","3 (Mild)","3 (Mild)","1 (Not Severe at All)","4 (Moderate)","1 (Not Severe at All)","2 (Very Mild)","Strongly disagree","Neutral","Strongly agree","Strongly disagree","Agree","Always","Always","Never","Never","Always","Sometimes","Never","Strongly disagree","Neutral","Agree","Strongly disagree","Agree","Strongly agree","Disagree","","1 (Not Severe at All)","Real","2 (Very Mild)","Real","3 (Mild)","Real","6 (Very Severe)","Real","5 (Severe)","Real","2 (Very Mild)","Not Real","4 (Moderate)","Real","5 (Severe)","Real","4 (Moderate)","Real","6 (Very Severe)","Real","7 (Extremely Severe)","Real","4 (Moderate)","Real","3 (Mild)","Not Real","3 (Mild)","Real","Female","","25 - 35 years old","No","No","No","No","No","Yes"
"167","1980-01-01 00:00:00","6","en","901214233","","Yes","No","Yes","No","Less than 5 hours","No","No","No","No","Yes","Not involved (""just"" playing)","No","Yes, I strongly identify as a gamer.","Initiator","Platinum-Diamond","","4 (Moderate)","6 (Very Severe)","5 (Severe)","5 (Severe)","4 (Moderate)","4 (Moderate)","6 (Very Severe)","4 (Moderate)","Neutral","Agree","Neutral","Strongly disagree","Disagree","Sometimes","Sometimes","Rarely","Sometimes","Sometimes","Sometimes","Sometimes","Strongly disagree","Agree","Disagree","Agree","Neutral","Neutral","Agree","","1 (Not Severe at All)","Real","3 (Mild)","Real","5 (Severe)","Real","5 (Severe)","Real","3 (Mild)","Real","3 (Mild)","Real","2 (Very Mild)","Real","5 (Severe)","Real","4 (Moderate)","Real","6 (Very Severe)","Real","7 (Extremely Severe)","Real","5 (Severe)","Real","4 (Moderate)","Real","4 (Moderate)","Real","Male","","18 - 25 years old","No","No","No","Yes","No","No"
"168","1980-01-01 00:00:00","6","en","357635239","","Yes","No","Yes","No","10 to 20 hours","No","No","No","No","Yes","Passive Participant (Reading posts, Attending Events, ...)","No","Yes, I strongly identify as a gamer.","Duelist","Silver-Gold","","3 (Mild)","1 (Not Severe at All)","6 (Very Severe)","4 (Moderate)","4 (Moderate)","1 (Not Severe at All)","6 (Very Severe)","7 (Extremely Severe)","Agree","Agree","Disagree","Strongly disagree","Disagree","Always","Always","Always","Always","Always","","Sometimes","Disagree","Agree","Agree","Neutral","Neutral","Agree","Strongly agree","","1 (Not Severe at All)","Real","2 (Very Mild)","Real","5 (Severe)","Real","6 (Very Severe)","Real","3 (Mild)","Real","2 (Very Mild)","Real","6 (Very Severe)","Real","5 (Severe)","Real","6 (Very Severe)","Real","6 (Very Severe)","Real","7 (Extremely Severe)","Not Real","3 (Mild)","Real","2 (Very Mild)","Real","2 (Very Mild)","Real","Male","","Under 18 years old","No","Yes","No","No","No","No"
"170","1980-01-01 00:00:00","6","en","110927104","","Yes","No","Yes","No","10 to 20 hours","No","No","No","No","Yes","Not involved (""just"" playing)","No","Yes, I strongly identify as a gamer.","Controller","Platinum-Diamond","","1 (Not Severe at All)","2 (Very Mild)","3 (Mild)","4 (Moderate)","3 (Mild)","4 (Moderate)","2 (Very Mild)","3 (Mild)","Agree","Neutral","Strongly disagree","Disagree","Agree","Rarely","Sometimes","Often","Often","Always","Always","Rarely","Strongly disagree","Agree","Disagree","Agree","Disagree","Neutral","Agree","","3 (Mild)","Real","2 (Very Mild)","Real","4 (Moderate)","Real","6 (Very Severe)","Not Real","2 (Very Mild)","Real","3 (Mild)","Not Real","3 (Mild)","Real","3 (Mild)","Real","3 (Mild)","Not Real","5 (Severe)","Not Real","7 (Extremely Severe)","Not Real","5 (Severe)","Real","","Not Real","3 (Mild)","Real","Male","","18 - 25 years old","No","No","No","Yes","No","No"
"171","1980-01-01 00:00:00","6","en","520252143","","Yes","No","Yes","No","More than 20 hours","No","No","No","No","Yes","Passive Participant (Reading posts, Attending Events, ...)","No","Yes, I strongly identify as a gamer.","Initiator","Platinum-Diamond","","5 (Severe)","5 (Severe)","7 (Extremely Severe)","7 (Extremely Severe)","7 (Extremely Severe)","7 (Extremely Severe)","7 (Extremely Severe)","7 (Extremely Severe)","Neutral","Strongly agree","Agree","Strongly agree","Neutral","Often","Often","Often","Often","Often","Often","Often","Strongly disagree","Neutral","Agree","Disagree","Agree","Agree","Disagree","","4 (Moderate)","","7 (Extremely Severe)","","7 (Extremely Severe)","","7 (Extremely Severe)","","7 (Extremely Severe)","","3 (Mild)","","6 (Very Severe)","","7 (Extremely Severe)","","7 (Extremely Severe)","","7 (Extremely Severe)","","7 (Extremely Severe)","","7 (Extremely Severe)","","7 (Extremely Severe)","","7 (Extremely Severe)","","Male","","25 - 35 years old","Yes","No","No","No","No","No"
"172","1980-01-01 00:00:00","6","en","2056831271","","Yes","No","Yes","No","10 to 20 hours","No","No","No","No","Yes","Not involved (""just"" playing)","No","Somewhat, I identify as a gamer in certain contexts.","Controller","I don't play ranked.","","7 (Extremely Severe)","7 (Extremely Severe)","5 (Severe)","6 (Very Severe)","4 (Moderate)","5 (Severe)","7 (Extremely Severe)","3 (Mild)","Disagree","Agree","Disagree","Disagree","Agree","Sometimes","Often","Often","Often","Sometimes","Often","Sometimes","Strongly disagree","Disagree","Agree","Disagree","Neutral","Neutral","Neutral","","3 (Mild)","Real","3 (Mild)","Real","4 (Moderate)","Real","5 (Severe)","Real","4 (Moderate)","Real","4 (Moderate)","Real","4 (Moderate)","Real","5 (Severe)","Real","4 (Moderate)","Real","5 (Severe)","Real","7 (Extremely Severe)","Real","3 (Mild)","Real","3 (Mild)","Real","3 (Mild)","Real","Male","","18 - 25 years old","Yes","No","No","No","No","No"
"174","1980-01-01 00:00:00","6","en","23410337","","Yes","No","Yes","No","5 to 10 hours","No","No","No","No","Yes","Passive Participant (Reading posts, Attending Events, ...)","No","No, I don't identify as a gamer, even though I play games.","Sentinel","Silver-Gold","","2 (Very Mild)","1 (Not Severe at All)","5 (Severe)","5 (Severe)","4 (Moderate)","6 (Very Severe)","1 (Not Severe at All)","4 (Moderate)","Disagree","Strongly agree","Strongly agree","Strongly disagree","Agree","Always","Often","Rarely","Never","Sometimes","Never","Rarely","Strongly disagree","Agree","Strongly agree","Strongly disagree","Disagree","Agree","Disagree","","2 (Very Mild)","Real","2 (Very Mild)","Real","4 (Moderate)","Real","6 (Very Severe)","Real","4 (Moderate)","Real","5 (Severe)","Real","4 (Moderate)","Real","7 (Extremely Severe)","Not Real","5 (Severe)","Real","7 (Extremely Severe)","Real","7 (Extremely Severe)","Real","5 (Severe)","Real","4 (Moderate)","Real","4 (Moderate)","Real","Female","","18 - 25 years old","Yes","No","No","No","No","No"
"176","1980-01-01 00:00:00","6","en","905398402","","Yes","No","Yes","No","10 to 20 hours","No","No","No","No","Yes","Passive Participant (Reading posts, Attending Events, ...)","No","Somewhat, I identify as a gamer in certain contexts.","Duelist","Silver-Gold","","2 (Very Mild)","1 (Not Severe at All)","5 (Severe)","6 (Very Severe)","4 (Moderate)","7 (Extremely Severe)","3 (Mild)","4 (Moderate)","Agree","Strongly agree","Neutral","Disagree","Agree","Always","Always","Never","Never","Always","Always","Rarely","Strongly disagree","Agree","Agree","Strongly disagree","Agree","Disagree","Neutral","","3 (Mild)","Real","5 (Severe)","Real","6 (Very Severe)","Real","7 (Extremely Severe)","Real","6 (Very Severe)","Real","5 (Severe)","Real","4 (Moderate)","Real","4 (Moderate)","Real","7 (Extremely Severe)","Real","7 (Extremely Severe)","Real","7 (Extremely Severe)","Real","6 (Very Severe)","Real","4 (Moderate)","Real","6 (Very Severe)","Real","Female","","18 - 25 years old","No","No","No","Yes","No","No"
"178","1980-01-01 00:00:00","6","en","1633884597","","Yes","No","Yes","No","10 to 20 hours","No","No","No","No","Yes","Passive Participant (Reading posts, Attending Events, ...)","No","Somewhat, I identify as a gamer in certain contexts.","Controller","Silver-Gold","","6 (Very Severe)","6 (Very Severe)","7 (Extremely Severe)","7 (Extremely Severe)","4 (Moderate)","6 (Very Severe)","7 (Extremely Severe)","4 (Moderate)","Agree","Strongly agree","Agree","Disagree","Strongly agree","Never","Rarely","Sometimes","Rarely","Often","Often","Rarely","Strongly disagree","Agree","Agree","Neutral","Agree","Disagree","Strongly agree","","3 (Mild)","Real","4 (Moderate)","Real","6 (Very Severe)","Real","6 (Very Severe)","Real","5 (Severe)","Real","4 (Moderate)","Real","4 (Moderate)","Real","6 (Very Severe)","Real","3 (Mild)","Real","7 (Extremely Severe)","Real","7 (Extremely Severe)","Real","6 (Very Severe)","Real","4 (Moderate)","Real","5 (Severe)","Real","Male","","18 - 25 years old","No","Yes","No","No","No","No"
"179","1980-01-01 00:00:00","6","en","1436560345","","Yes","No","Yes","No","10 to 20 hours","No","No","No","No","Yes","Passive Participant (Reading posts, Attending Events, ...)","No","Yes, I strongly identify as a gamer.","Initiator","Silver-Gold","","5 (Severe)","4 (Moderate)","6 (Very Severe)","7 (Extremely Severe)","5 (Severe)","3 (Mild)","5 (Severe)","5 (Severe)","Neutral","Strongly agree","Agree","Neutral","Disagree","Always","Always","Never","Never","Sometimes","Sometimes","Never","Strongly disagree","Agree","Neutral","Neutral","Disagree","Agree","Neutral","","4 (Moderate)","Real","4 (Moderate)","Real","5 (Severe)","Real","","","6 (Very Severe)","Real","6 (Very Severe)","Not Real","6 (Very Severe)","Real","6 (Very Severe)","Not Real","7 (Extremely Severe)","Real","6 (Very Severe)","Real","","","7 (Extremely Severe)","Real","6 (Very Severe)","Real","6 (Very Severe)","Real","Male","","18 - 25 years old","No","Yes","No","No","No","No"
"182","1980-01-01 00:00:00","6","en","409662902","","Yes","Yes","No","No","","No","No","No","No","No","","","","","","","","","","","","","","","","","","","","","","","","","","","","","","","","","","","4 (Moderate)","Real","3 (Mild)","Real","4 (Moderate)","Not Real","6 (Very Severe)","Real","5 (Severe)","Not Real","5 (Severe)","Not Real","4 (Moderate)","Real","5 (Severe)","Not Real","4 (Moderate)","Real","6 (Very Severe)","Not Real","7 (Extremely Severe)","Real","5 (Severe)","Real","4 (Moderate)","Real","4 (Moderate)","Real","Female","","25 - 35 years old","No","No","No","No","No","Yes"
"183","1980-01-01 00:00:00","6","en","1013395090","","Yes","No","Yes","No","10 to 20 hours","No","No","No","No","Yes","Passive Participant (Reading posts, Attending Events, ...)","No","Somewhat, I identify as a gamer in certain contexts.","Sentinel","Platinum-Diamond","","1 (Not Severe at All)","1 (Not Severe at All)","1 (Not Severe at All)","1 (Not Severe at All)","1 (Not Severe at All)","2 (Very Mild)","1 (Not Severe at All)","1 (Not Severe at All)","Agree","Agree","Disagree","Neutral","Neutral","Always","Always","Rarely","Rarely","Rarely","Rarely","Never","Disagree","Agree","Neutral","Neutral","Disagree","Agree","Neutral","","2 (Very Mild)","Real","4 (Moderate)","Real","5 (Severe)","Not Real","7 (Extremely Severe)","Not Real","7 (Extremely Severe)","Not Real","4 (Moderate)","Not Real","7 (Extremely Severe)","Not Real","7 (Extremely Severe)","Not Real","7 (Extremely Severe)","Not Real","7 (Extremely Severe)","Not Real","7 (Extremely Severe)","Not Real","7 (Extremely Severe)","Not Real","4 (Moderate)","Not Real","4 (Moderate)","Real","Female","","25 - 35 years old","No","Yes","No","No","No","No"
"184","1980-01-01 00:00:00","6","en","950393987","","Yes","No","Yes","No","5 to 10 hours","No","No","No","No","Yes","Passive Participant (Reading posts, Attending Events, ...)","No","Yes, I strongly identify as a gamer.","Duelist","Silver-Gold","","7 (Extremely Severe)","7 (Extremely Severe)","5 (Severe)","7 (Extremely Severe)","5 (Severe)","7 (Extremely Severe)","7 (Extremely Severe)","4 (Moderate)","Agree","Strongly agree","Disagree","Disagree","Agree","Always","Always","Rarely","Never","Often","Never","Never","Strongly disagree","Neutral","Neutral","Neutral","Strongly disagree","Agree","Disagree","","5 (Severe)","Real","7 (Extremely Severe)","Real","7 (Extremely Severe)","Real","7 (Extremely Severe)","Real","6 (Very Severe)","Real","5 (Severe)","Real","4 (Moderate)","Real","7 (Extremely Severe)","Not Real","7 (Extremely Severe)","Not Real","7 (Extremely Severe)","Real","7 (Extremely Severe)","Not Real","3 (Mild)","Real","5 (Severe)","Real","2 (Very Mild)","Real","Non-binary","","18 - 25 years old","No","No","No","Yes","No","No"
"186","1980-01-01 00:00:00","6","en","540681639","","Yes","No","Yes","No","More than 20 hours","No","No","No","No","Yes","Not involved (""just"" playing)","No","Somewhat, I identify as a gamer in certain contexts.","Controller","Iron-Bronze","","4 (Moderate)","1 (Not Severe at All)","7 (Extremely Severe)","6 (Very Severe)","7 (Extremely Severe)","6 (Very Severe)","1 (Not Severe at All)","7 (Extremely Severe)","Neutral","Strongly agree","Strongly agree","Disagree","Agree","Sometimes","Often","Often","Sometimes","Often","Often","Sometimes","Strongly disagree","Agree","Agree","Strongly disagree","Agree","Agree","Disagree","","2 (Very Mild)","Real","2 (Very Mild)","Real","6 (Very Severe)","Real","4 (Moderate)","Real","4 (Moderate)","Real","4 (Moderate)","Real","4 (Moderate)","Real","6 (Very Severe)","Real","7 (Extremely Severe)","Real","7 (Extremely Severe)","Real","7 (Extremely Severe)","Real","2 (Very Mild)","Real","3 (Mild)","Real","6 (Very Severe)","Real","Female","","18 - 25 years old","No","No","No","Yes","No","No"
"189","1980-01-01 00:00:00","6","en","1473083478","","Yes","No","Yes","No","Less than 5 hours","No","No","No","No","Yes","Not involved (""just"" playing)","No","Yes, I strongly identify as a gamer.","Sentinel","Iron-Bronze","","5 (Severe)","7 (Extremely Severe)","4 (Moderate)","7 (Extremely Severe)","6 (Very Severe)","7 (Extremely Severe)","7 (Extremely Severe)","4 (Moderate)","Agree","Strongly agree","Neutral","Disagree","Agree","Always","Rarely","Always","Never","Always","Always","Never","Strongly disagree","Agree","Agree","Strongly disagree","Disagree","Neutral","Neutral","","5 (Severe)","Real","5 (Severe)","Real","7 (Extremely Severe)","Real","7 (Extremely Severe)","Not Real","7 (Extremely Severe)","Not Real","5 (Severe)","Not Real","7 (Extremely Severe)","Real","7 (Extremely Severe)","Not Real","5 (Severe)","Real","7 (Extremely Severe)","Not Real","7 (Extremely Severe)","Not Real","5 (Severe)","Real","4 (Moderate)","Real","4 (Moderate)","Real","Male","","18 - 25 years old","No","Yes","No","No","No","No"
"191","1980-01-01 00:00:00","6","en","1523622625","","Yes","No","Yes","No","5 to 10 hours","No","No","No","No","Yes","Passive Participant (Reading posts, Attending Events, ...)","No","Somewhat, I identify as a gamer in certain contexts.","Duelist","Platinum-Diamond","","3 (Mild)","3 (Mild)","4 (Moderate)","5 (Severe)","2 (Very Mild)","5 (Severe)","3 (Mild)","4 (Moderate)","Agree","Agree","Neutral","Agree","Disagree","Always","Always","Rarely","Sometimes","Rarely","Rarely","Rarely","Disagree","Disagree","Agree","Disagree","Neutral","Agree","Neutral","","3 (Mild)","Real","4 (Moderate)","Real","4 (Moderate)","Real","4 (Moderate)","Real","2 (Very Mild)","Not Real","3 (Mild)","Not Real","3 (Mild)","Real","2 (Very Mild)","Not Real","3 (Mild)","Real","5 (Severe)","Real","6 (Very Severe)","Real","4 (Moderate)","Real","4 (Moderate)","Real","6 (Very Severe)","Real","Female","","18 - 25 years old","No","No","No","No","No","Yes"
"192","1980-01-01 00:00:00","6","en","387672665","","Yes","No","Yes","No","5 to 10 hours","No","No","No","Yes","No","Passive Participant (Reading posts, Attending Events, ...)","Yes","No, I don't identify as a gamer, even though I play games.","Sentinel","Iron-Bronze","","3 (Mild)","2 (Very Mild)","5 (Severe)","3 (Mild)","7 (Extremely Severe)","3 (Mild)","4 (Moderate)","7 (Extremely Severe)","Disagree","Neutral","Agree","Disagree","Agree","Rarely","Sometimes","Always","Rarely","","","","Strongly disagree","Neutral","Agree","Disagree","Agree","Disagree","Agree","","6 (Very Severe)","","6 (Very Severe)","","5 (Severe)","","3 (Mild)","","4 (Moderate)","","4 (Moderate)","","2 (Very Mild)","","4 (Moderate)","","2 (Very Mild)","","2 (Very Mild)","","2 (Very Mild)","","6 (Very Severe)","","6 (Very Severe)","","6 (Very Severe)","","Non-binary","","25 - 35 years old","Yes","No","No","No","No","No"
"195","1980-01-01 00:00:00","6","en","1912751654","","Yes","No","Yes","No","More than 20 hours","No","No","No","No","Yes","Passive Participant (Reading posts, Attending Events, ...)","No","Yes, I strongly identify as a gamer.","Duelist","Platinum-Diamond","","7 (Extremely Severe)","7 (Extremely Severe)","6 (Very Severe)","7 (Extremely Severe)","5 (Severe)","6 (Very Severe)","7 (Extremely Severe)","5 (Severe)","Agree","Agree","Disagree","Disagree","Agree","Always","Sometimes","Never","Never","Always","Often","Rarely","Disagree","Strongly agree","Neutral","Neutral","Disagree","Neutral","Strongly agree","","4 (Moderate)","Real","5 (Severe)","Real","5 (Severe)","Not Real","5 (Severe)","Real","3 (Mild)","Real","4 (Moderate)","Real","6 (Very Severe)","Real","6 (Very Severe)","Not Real","4 (Moderate)","Real","7 (Extremely Severe)","Real","7 (Extremely Severe)","Real","4 (Moderate)","Real","4 (Moderate)","Real","4 (Moderate)","Real","Male","","18 - 25 years old","No","No","Yes","No","No","No"
"196","1980-01-01 00:00:00","6","en","1641945269","","Yes","No","Yes","No","10 to 20 hours","Yes","No","Yes","Yes","No","Not involved (""just"" playing)","No","Yes, I strongly identify as a gamer.","Duelist","Platinum-Diamond","","6 (Very Severe)","6 (Very Severe)","5 (Severe)","5 (Severe)","4 (Moderate)","2 (Very Mild)","7 (Extremely Severe)","1 (Not Severe at All)","Agree","Neutral","Strongly disagree","Neutral","Strongly agree","Always","Always","Sometimes","Sometimes","Often","Often","Rarely","Neutral","Agree","Strongly disagree","Agree","Strongly disagree","Strongly disagree","Agree","","1 (Not Severe at All)","Real","1 (Not Severe at All)","Real","1 (Not Severe at All)","","4 (Moderate)","Real","1 (Not Severe at All)","Real","2 (Very Mild)","Real","1 (Not Severe at All)","Real","5 (Severe)","Real","2 (Very Mild)","Real","7 (Extremely Severe)","Real","7 (Extremely Severe)","Real","4 (Moderate)","Real","2 (Very Mild)","Real","2 (Very Mild)","Real","Non-binary","","25 - 35 years old","No","Yes","No","Yes","No","Yes"
"197","1980-01-01 00:00:00","6","en","861730953","","Yes","No","Yes","No","5 to 10 hours","No","No","No","Yes","No","Passive Participant (Reading posts, Attending Events, ...)","No","No, I don't identify as a gamer, even though I play games.","Controller","Iron-Bronze","","6 (Very Severe)","5 (Severe)","6 (Very Severe)","7 (Extremely Severe)","6 (Very Severe)","4 (Moderate)","7 (Extremely Severe)","4 (Moderate)","Disagree","Strongly agree","Strongly disagree","Strongly disagree","Strongly disagree","Always","Always","Sometimes","Sometimes","Often","Often","Sometimes","Neutral","Disagree","Strongly agree","Strongly disagree","Disagree","Strongly agree","Strongly disagree","","4 (Moderate)","Real","2 (Very Mild)","Not Real","5 (Severe)","Real","6 (Very Severe)","Not Real","4 (Moderate)","Real","1 (Not Severe at All)","Not Real","4 (Moderate)","Real","4 (Moderate)","Real","6 (Very Severe)","Real","6 (Very Severe)","Real","7 (Extremely Severe)","Real","6 (Very Severe)","Real","5 (Severe)","Real","5 (Severe)","Real","Other","Irrelevant to me","25 - 35 years old","Yes","No","No","No","No","No"
"199","1980-01-01 00:00:00","6","en","1544774876","","Yes","No","Yes","No","5 to 10 hours","No","No","No","No","Yes","Not involved (""just"" playing)","No","Yes, I strongly identify as a gamer.","Duelist","Platinum-Diamond","","7 (Extremely Severe)","5 (Severe)","7 (Extremely Severe)","7 (Extremely Severe)","7 (Extremely Severe)","5 (Severe)","7 (Extremely Severe)","4 (Moderate)","Neutral","Strongly agree","Strongly disagree","Agree","Disagree","Always","Always","Rarely","Rarely","Always","Always","Sometimes","Neutral","Agree","Neutral","Disagree","Agree","Strongly agree","Neutral","","1 (Not Severe at All)","Real","2 (Very Mild)","Not Real","5 (Severe)","Real","7 (Extremely Severe)","Real","3 (Mild)","Not Real","7 (Extremely Severe)","Not Real","2 (Very Mild)","Real","5 (Severe)","Not Real","2 (Very Mild)","Not Real","7 (Extremely Severe)","Real","7 (Extremely Severe)","Real","7 (Extremely Severe)","Real","7 (Extremely Severe)","Real","7 (Extremely Severe)","Real","Male","","18 - 25 years old","Yes","Yes","No","No","No","No"
"200","1980-01-01 00:00:00","6","en","1169800126","","Yes","No","Yes","No","10 to 20 hours","No","No","Yes","No","No","Passive Participant (Reading posts, Attending Events, ...)","No","Yes, I strongly identify as a gamer.","Initiator","Ascendant-Immortal1","","3 (Mild)","1 (Not Severe at All)","4 (Moderate)","3 (Mild)","6 (Very Severe)","4 (Moderate)","1 (Not Severe at All)","5 (Severe)","Agree","Neutral","Disagree","Neutral","Strongly disagree","Always","Sometimes","Often","Rarely","Often","Sometimes","Rarely","Disagree","Neutral","Strongly disagree","Agree","Strongly disagree","Neutral","Disagree","","2 (Very Mild)","Real","5 (Severe)","Real","5 (Severe)","Real","5 (Severe)","Real","5 (Severe)","Real","3 (Mild)","Not Real","4 (Moderate)","Real","5 (Severe)","Not Real","6 (Very Severe)","Real","7 (Extremely Severe)","Real","7 (Extremely Severe)","Real","3 (Mild)","Real","3 (Mild)","Not Real","4 (Moderate)","Real","Male","","Under 18 years old","Yes","No","No","No","No","No"
"201","1980-01-01 00:00:00","6","en","188653606","","Yes","No","Yes","No","5 to 10 hours","No","No","No","Yes","No","Passive Participant (Reading posts, Attending Events, ...)","Yes","Yes, I strongly identify as a gamer.","Initiator","Silver-Gold","","5 (Severe)","4 (Moderate)","6 (Very Severe)","7 (Extremely Severe)","5 (Severe)","6 (Very Severe)","7 (Extremely Severe)","7 (Extremely Severe)","Disagree","Strongly agree","Neutral","Strongly disagree","Agree","Always","Always","Always","Sometimes","Always","Always","Sometimes","Strongly disagree","Disagree","Agree","Strongly disagree","Disagree","Agree","Disagree","","4 (Moderate)","Real","4 (Moderate)","Real","6 (Very Severe)","Real","7 (Extremely Severe)","Real","3 (Mild)","Real","5 (Severe)","Real","6 (Very Severe)","Real","7 (Extremely Severe)","Real","4 (Moderate)","Real","7 (Extremely Severe)","Real","7 (Extremely Severe)","Real","6 (Very Severe)","Real","4 (Moderate)","Real","4 (Moderate)","Real","Female","","25 - 35 years old","Yes","No","No","No","No","No"
"203","1980-01-01 00:00:00","6","en","160213884","","Yes","No","Yes","No","10 to 20 hours","No","No","No","No","Yes","Passive Participant (Reading posts, Attending Events, ...)","Yes","Yes, I strongly identify as a gamer.","Controller","Platinum-Diamond","","5 (Severe)","5 (Severe)","6 (Very Severe)","6 (Very Severe)","5 (Severe)","5 (Severe)","5 (Severe)","5 (Severe)","Agree","Agree","Strongly agree","Neutral","Agree","Always","Always","Often","Sometimes","Always","Often","Often","Strongly disagree","Agree","Agree","Neutral","Agree","Strongly agree","Disagree","","4 (Moderate)","Real","5 (Severe)","Real","6 (Very Severe)","Real","6 (Very Severe)","Real","5 (Severe)","Real","6 (Very Severe)","Real","5 (Severe)","Real","5 (Severe)","Real","5 (Severe)","Real","7 (Extremely Severe)","Real","7 (Extremely Severe)","Real","5 (Severe)","Real","6 (Very Severe)","Real","6 (Very Severe)","Real","Female","","25 - 35 years old","Yes","No","No","No","No","No"
"205","1980-01-01 00:00:00","6","en","122384081","","Yes","No","Yes","No","10 to 20 hours","No","No","No","No","Yes","Passive Participant (Reading posts, Attending Events, ...)","No","Somewhat, I identify as a gamer in certain contexts.","Sentinel","Iron-Bronze","","3 (Mild)","4 (Moderate)","5 (Severe)","5 (Severe)","4 (Moderate)","4 (Moderate)","6 (Very Severe)","3 (Mild)","Disagree","Neutral","Neutral","Agree","Agree","Often","Often","Sometimes","Rarely","Often","Rarely","Never","Strongly disagree","Agree","Neutral","Neutral","Disagree","Neutral","Agree","","3 (Mild)","Real","3 (Mild)","Real","5 (Severe)","Not Real","5 (Severe)","Not Real","4 (Moderate)","Real","4 (Moderate)","Real","4 (Moderate)","Real","5 (Severe)","Real","4 (Moderate)","Real","5 (Severe)","Real","6 (Very Severe)","Real","4 (Moderate)","Real","4 (Moderate)","Real","4 (Moderate)","Not Real","","","25 - 35 years old","Yes","No","No","No","No","No"
"207","1980-01-01 00:00:00","6","en","800555596","","Yes","No","Yes","No","10 to 20 hours","No","No","No","Yes","No","Not involved (""just"" playing)","No","Yes, I strongly identify as a gamer.","Sentinel","Iron-Bronze","","7 (Extremely Severe)","7 (Extremely Severe)","7 (Extremely Severe)","7 (Extremely Severe)","7 (Extremely Severe)","7 (Extremely Severe)","7 (Extremely Severe)","7 (Extremely Severe)","Neutral","Strongly agree","Strongly disagree","Strongly disagree","Neutral","Sometimes","Sometimes","Rarely","Rarely","Often","Sometimes","Never","Strongly disagree","Agree","Strongly agree","Disagree","Disagree","Strongly agree","Disagree","","7 (Extremely Severe)","Real","7 (Extremely Severe)","Real","7 (Extremely Severe)","Real","7 (Extremely Severe)","Real","7 (Extremely Severe)","Real","7 (Extremely Severe)","Real","7 (Extremely Severe)","Real","7 (Extremely Severe)","Real","7 (Extremely Severe)","Real","7 (Extremely Severe)","Real","7 (Extremely Severe)","Real","7 (Extremely Severe)","Real","7 (Extremely Severe)","Real","7 (Extremely Severe)","Real","Male","","25 - 35 years old","No","No","No","Yes","No","No"
"208","1980-01-01 00:00:00","6","en","86961682","","Yes","No","Yes","No","10 to 20 hours","No","No","No","Yes","No","Not involved (""just"" playing)","No","Somewhat, I identify as a gamer in certain contexts.","Sentinel","Silver-Gold","","5 (Severe)","7 (Extremely Severe)","7 (Extremely Severe)","7 (Extremely Severe)","7 (Extremely Severe)","5 (Severe)","7 (Extremely Severe)","5 (Severe)","Neutral","Neutral","Strongly disagree","Neutral","Neutral","Always","Always","Rarely","Rarely","Rarely","Rarely","Rarely","Neutral","Strongly agree","Neutral","Strongly agree","Neutral","Agree","Strongly agree","","4 (Moderate)","Real","4 (Moderate)","Real","3 (Mild)","Real","7 (Extremely Severe)","","1 (Not Severe at All)","Not Real","1 (Not Severe at All)","Not Real","3 (Mild)","Real","","Not Real","1 (Not Severe at All)","Not Real","7 (Extremely Severe)","Real","7 (Extremely Severe)","Real","3 (Mild)","Real","7 (Extremely Severe)","Real","4 (Moderate)","Real","Male","","18 - 25 years old","Yes","No","No","No","No","No"
"210","1980-01-01 00:00:00","6","en","1665427331","","Yes","No","Yes","No","More than 20 hours","Yes","No","No","No","No","Passive Participant (Reading posts, Attending Events, ...)","No","Somewhat, I identify as a gamer in certain contexts.","Duelist","Silver-Gold","","5 (Severe)","5 (Severe)","5 (Severe)","5 (Severe)","5 (Severe)","5 (Severe)","6 (Very Severe)","5 (Severe)","Neutral","Strongly agree","Disagree","Disagree","Agree","Always","Always","Always","Often","Always","Always","Never","Strongly disagree","Strongly disagree","Agree","Disagree","Agree","Agree","Disagree","","4 (Moderate)","Real","6 (Very Severe)","Real","6 (Very Severe)","Real","6 (Very Severe)","Real","5 (Severe)","Not Real","4 (Moderate)","Not Real","4 (Moderate)","Real","6 (Very Severe)","Real","6 (Very Severe)","Real","7 (Extremely Severe)","Not Real","7 (Extremely Severe)","Not Real","6 (Very Severe)","Real","6 (Very Severe)","Real","6 (Very Severe)","Real","Male","","Under 18 years old","Yes","No","No","No","No","No"
"213","1980-01-01 00:00:00","6","en","1460800425","","Yes","No","Yes","No","10 to 20 hours","No","No","No","No","Yes","Passive Participant (Reading posts, Attending Events, ...)","No","Yes, I strongly identify as a gamer.","Duelist","Silver-Gold","","5 (Severe)","6 (Very Severe)","7 (Extremely Severe)","7 (Extremely Severe)","5 (Severe)","6 (Very Severe)","7 (Extremely Severe)","4 (Moderate)","Agree","Strongly agree","Strongly disagree","Disagree","Agree","Always","Always","Rarely","Rarely","Always","Often","Rarely","Disagree","Agree","Agree","Disagree","Disagree","Agree","Neutral","","3 (Mild)","Real","4 (Moderate)","Real","5 (Severe)","Real","7 (Extremely Severe)","Real","7 (Extremely Severe)","Real","4 (Moderate)","Real","6 (Very Severe)","Real","7 (Extremely Severe)","Not Real","7 (Extremely Severe)","Real","7 (Extremely Severe)","Real","","","7 (Extremely Severe)","Real","5 (Severe)","Real","4 (Moderate)","Real","Male","","Under 18 years old","No","No","No","No","No","Yes"
"214","1980-01-01 00:00:00","6","en","1991777184","","Yes","No","Yes","Yes","10 to 20 hours","No","No","No","No","Yes","Not involved (""just"" playing)","No","Yes, I strongly identify as a gamer.","Initiator","Platinum-Diamond","","7 (Extremely Severe)","7 (Extremely Severe)","7 (Extremely Severe)","7 (Extremely Severe)","5 (Severe)","4 (Moderate)","7 (Extremely Severe)","5 (Severe)","Agree","Agree","Agree","Neutral","Agree","Always","Always","Never","Never","Often","Often","Sometimes","Strongly disagree","Agree","Agree","Neutral","Neutral","Neutral","Neutral","","2 (Very Mild)","Real","5 (Severe)","Real","4 (Moderate)","Real","5 (Severe)","Real","5 (Severe)","Not Real","5 (Severe)","Real","3 (Mild)","Real","5 (Severe)","Not Real","7 (Extremely Severe)","Real","7 (Extremely Severe)","Not Real","7 (Extremely Severe)","Real","5 (Severe)","Real","6 (Very Severe)","Real","5 (Severe)","Real","Female","","Under 18 years old","No","No","No","No","No","Yes"
"216","1980-01-01 00:00:00","6","en","240346928","","Yes","No","Yes","No","Less than 5 hours","No","No","No","No","Yes","Passive Participant (Reading posts, Attending Events, ...)","No","Somewhat, I identify as a gamer in certain contexts.","Sentinel","Ascendant-Immortal1","","1 (Not Severe at All)","1 (Not Severe at All)","2 (Very Mild)","1 (Not Severe at All)","1 (Not Severe at All)","1 (Not Severe at All)","1 (Not Severe at All)","1 (Not Severe at All)","Agree","Agree","Neutral","Disagree","Strongly disagree","Always","Always","Never","Never","Never","Never","Never","Neutral","Neutral","Disagree","Strongly agree","Strongly disagree","Agree","Agree","","2 (Very Mild)","Real","2 (Very Mild)","Real","2 (Very Mild)","Not Real","4 (Moderate)","Real","2 (Very Mild)","Real","2 (Very Mild)","Not Real","3 (Mild)","Not Real","5 (Severe)","Real","3 (Mild)","Real","7 (Extremely Severe)","Real","6 (Very Severe)","Real","5 (Severe)","Real","2 (Very Mild)","Real","2 (Very Mild)","Real","Male","","18 - 25 years old","Yes","No","No","No","No","No"
"217","1980-01-01 00:00:00","6","en","1526279630","","Yes","No","Yes","No","Less than 5 hours","Yes","No","No","No","No","Passive Participant (Reading posts, Attending Events, ...)","No","No, I don't identify as a gamer, even though I play games.","Controller","Silver-Gold","","6 (Very Severe)","5 (Severe)","2 (Very Mild)","3 (Mild)","1 (Not Severe at All)","2 (Very Mild)","7 (Extremely Severe)","5 (Severe)","Strongly disagree","Disagree","Strongly disagree","Neutral","Disagree","Always","Never","Never","Never","Never","Never","Never","Neutral","Strongly agree","Strongly disagree","Strongly agree","Strongly disagree","Strongly disagree","Agree","","1 (Not Severe at All)","Real","7 (Extremely Severe)","Real","3 (Mild)","Real","5 (Severe)","Real","1 (Not Severe at All)","Not Real","1 (Not Severe at All)","Not Real","1 (Not Severe at All)","Not Real","1 (Not Severe at All)","Real","1 (Not Severe at All)","Not Real","4 (Moderate)","Real","7 (Extremely Severe)","Not Real","6 (Very Severe)","Real","1 (Not Severe at All)","Not Real","2 (Very Mild)","Real","Other","Brimsexual","Under 18 years old","Yes","No","No","No","No","No"
"219","1980-01-01 00:00:00","6","en","1785074258","","Yes","No","Yes","No","10 to 20 hours","No","No","Yes","No","No","Passive Participant (Reading posts, Attending Events, ...)","Yes","Yes, I strongly identify as a gamer.","Initiator","Silver-Gold","","5 (Severe)","3 (Mild)","6 (Very Severe)","7 (Extremely Severe)","4 (Moderate)","2 (Very Mild)","7 (Extremely Severe)","2 (Very Mild)","Agree","Strongly agree","Disagree","Disagree","Agree","Always","Often","Never","Rarely","Often","Sometimes","Never","Strongly disagree","Disagree","Agree","Disagree","Disagree","Agree","Neutral","","2 (Very Mild)","Real","2 (Very Mild)","Real","4 (Moderate)","Not Real","7 (Extremely Severe)","Real","6 (Very Severe)","Real","5 (Severe)","Not Real","2 (Very Mild)","Real","7 (Extremely Severe)","Not Real","6 (Very Severe)","Real","7 (Extremely Severe)","Not Real","7 (Extremely Severe)","Not Real","7 (Extremely Severe)","Real","6 (Very Severe)","Real","3 (Mild)","Real","Male","","18 - 25 years old","Yes","No","No","No","No","No"
"220","1980-01-01 00:00:00","6","en","1023838307","","Yes","No","Yes","No","10 to 20 hours","No","No","No","No","Yes","Not involved (""just"" playing)","No","Yes, I strongly identify as a gamer.","Initiator","Silver-Gold","","2 (Very Mild)","1 (Not Severe at All)","4 (Moderate)","1 (Not Severe at All)","4 (Moderate)","4 (Moderate)","1 (Not Severe at All)","1 (Not Severe at All)","Neutral","Agree","Neutral","Neutral","Strongly disagree","","Often","Sometimes","Never","Sometimes","Never","Never","Neutral","Agree","Neutral","Agree","Strongly disagree","Neutral","Agree","","4 (Moderate)","Real","4 (Moderate)","Real","4 (Moderate)","Real","7 (Extremely Severe)","Real","7 (Extremely Severe)","Not Real","4 (Moderate)","Real","7 (Extremely Severe)","Not Real","7 (Extremely Severe)","Not Real","5 (Severe)","Real","7 (Extremely Severe)","Real","7 (Extremely Severe)","Real","5 (Severe)","Real","4 (Moderate)","Real","4 (Moderate)","Real","Male","","25 - 35 years old","No","Yes","No","No","No","No"
"222","1980-01-01 00:00:00","6","en","373968890","","Yes","No","Yes","No","5 to 10 hours","No","No","Yes","No","No","Not involved (""just"" playing)","No","Somewhat, I identify as a gamer in certain contexts.","Sentinel","Silver-Gold","","1 (Not Severe at All)","3 (Mild)","2 (Very Mild)","5 (Severe)","7 (Extremely Severe)","7 (Extremely Severe)","2 (Very Mild)","7 (Extremely Severe)","Strongly agree","Agree","Disagree","Agree","Strongly disagree","Always","Always","Never","Never","Sometimes","Never","Never","Strongly disagree","Neutral","Strongly disagree","Strongly agree","Strongly disagree","Strongly agree","Disagree","","4 (Moderate)","","7 (Extremely Severe)","","7 (Extremely Severe)","","7 (Extremely Severe)","","5 (Severe)","","","","7 (Extremely Severe)","","7 (Extremely Severe)","","7 (Extremely Severe)","","7 (Extremely Severe)","","7 (Extremely Severe)","","6 (Very Severe)","","7 (Extremely Severe)","","3 (Mild)","","Male","","Under 18 years old","Yes","No","No","No","No","No"
"225","1980-01-01 00:00:00","6","en","734899451","","Yes","No","Yes","No","10 to 20 hours","No","No","No","No","Yes","Passive Participant (Reading posts, Attending Events, ...)","No","Yes, I strongly identify as a gamer.","Sentinel","Silver-Gold","","5 (Severe)","5 (Severe)","6 (Very Severe)","7 (Extremely Severe)","4 (Moderate)","5 (Severe)","6 (Very Severe)","4 (Moderate)","Agree","Agree","Disagree","Neutral","Neutral","Often","Sometimes","Sometimes","Never","Often","Never","Never","Disagree","Neutral","Neutral","Disagree","Neutral","Neutral","Agree","","1 (Not Severe at All)","Real","3 (Mild)","Real","5 (Severe)","Real","6 (Very Severe)","Real","2 (Very Mild)","Real","3 (Mild)","Real","1 (Not Severe at All)","Real","2 (Very Mild)","Not Real","5 (Severe)","Real","6 (Very Severe)","Real","7 (Extremely Severe)","Real","6 (Very Severe)","Real","4 (Moderate)","Not Real","4 (Moderate)","Real","Male","","Under 18 years old","Yes","No","No","No","No","No"
"226","1980-01-01 00:00:00","6","en","1647943512","","Yes","No","Yes","No","Less than 5 hours","No","No","No","No","Yes","Passive Participant (Reading posts, Attending Events, ...)","No","Yes, I strongly identify as a gamer.","Controller","Iron-Bronze","","7 (Extremely Severe)","2 (Very Mild)","7 (Extremely Severe)","7 (Extremely Severe)","7 (Extremely Severe)","5 (Severe)","2 (Very Mild)","6 (Very Severe)","Disagree","Strongly agree","Strongly agree","Strongly disagree","Strongly agree","Always","Always","Sometimes","Rarely","Always","Always","Never","Strongly disagree","Agree","Agree","Disagree","Strongly agree","Disagree","Disagree","","7 (Extremely Severe)","Real","4 (Moderate)","Real","4 (Moderate)","Not Real","7 (Extremely Severe)","Real","5 (Severe)","Real","3 (Mild)","Not Real","5 (Severe)","Real","6 (Very Severe)","Not Real","6 (Very Severe)","Not Real","6 (Very Severe)","Not Real","7 (Extremely Severe)","Real","7 (Extremely Severe)","Real","5 (Severe)","Not Real","7 (Extremely Severe)","Real","Non-binary","","18 - 25 years old","Yes","No","No","No","No","No"
"230","1980-01-01 00:00:00","6","en","1796410335","","Yes","No","Yes","No","Less than 5 hours","Yes","No","Yes","Yes","No","Passive Participant (Reading posts, Attending Events, ...)","Yes","Somewhat, I identify as a gamer in certain contexts.","Controller","Silver-Gold","","5 (Severe)","1 (Not Severe at All)","7 (Extremely Severe)","7 (Extremely Severe)","5 (Severe)","7 (Extremely Severe)","5 (Severe)","6 (Very Severe)","Agree","Strongly agree","Strongly agree","Strongly disagree","Strongly agree","Always","Always","Often","Rarely","Always","Always","Never","Strongly disagree","Disagree","Strongly agree","Neutral","Strongly agree","Strongly agree","Strongly disagree","","7 (Extremely Severe)","Real","5 (Severe)","Real","7 (Extremely Severe)","Real","7 (Extremely Severe)","Real","5 (Severe)","Not Real","7 (Extremely Severe)","Real","7 (Extremely Severe)","Real","5 (Severe)","Not Real","6 (Very Severe)","Not Real","7 (Extremely Severe)","Real","7 (Extremely Severe)","Real","6 (Very Severe)","Real","6 (Very Severe)","Real","5 (Severe)","Real","Female","","18 - 25 years old","Yes","No","No","No","No","No"
"232","1980-01-01 00:00:00","6","en","422103341","","Yes","No","Yes","No","5 to 10 hours","No","No","No","No","Yes","Passive Participant (Reading posts, Attending Events, ...)","Yes","Somewhat, I identify as a gamer in certain contexts.","Controller","I don't play ranked.","","4 (Moderate)","3 (Mild)","5 (Severe)","5 (Severe)","6 (Very Severe)","5 (Severe)","2 (Very Mild)","4 (Moderate)","Neutral","Strongly agree","Agree","Disagree","Agree","Often","Always","Often","Often","Often","Often","Sometimes","Strongly disagree","Neutral","Strongly disagree","Strongly agree","Strongly disagree","Agree","Disagree","","2 (Very Mild)","Real","1 (Not Severe at All)","Real","4 (Moderate)","Real","5 (Severe)","Real","5 (Severe)","Real","4 (Moderate)","Real","3 (Mild)","Real","6 (Very Severe)","Real","5 (Severe)","Real","6 (Very Severe)","Real","7 (Extremely Severe)","Real","4 (Moderate)","Real","4 (Moderate)","Real","3 (Mild)","Real","Male","","18 - 25 years old","Yes","No","No","No","No","No"
"233","1980-01-01 00:00:00","6","en","1251921049","","Yes","No","Yes","No","More than 20 hours","Yes","No","Yes","Yes","No","Passive Participant (Reading posts, Attending Events, ...)","No","Yes, I strongly identify as a gamer.","Duelist","Ascendant-Immortal1","","6 (Very Severe)","5 (Severe)","4 (Moderate)","7 (Extremely Severe)","6 (Very Severe)","7 (Extremely Severe)","7 (Extremely Severe)","6 (Very Severe)","Neutral","Strongly agree","Agree","Disagree","Agree","Always","Always","Often","Often","Often","Often","Often","Strongly disagree","Neutral","Agree","Neutral","Agree","Strongly agree","Neutral","","4 (Moderate)","Real","6 (Very Severe)","Real","6 (Very Severe)","Real","5 (Severe)","Not Real","4 (Moderate)","Not Real","7 (Extremely Severe)","Real","6 (Very Severe)","Real","7 (Extremely Severe)","Not Real","6 (Very Severe)","Real","7 (Extremely Severe)","Real","7 (Extremely Severe)","Real","5 (Severe)","Real","4 (Moderate)","Real","4 (Moderate)","Real","Female","","18 - 25 years old","No","No","No","Yes","No","No"
"234","1980-01-01 00:00:00","6","en","1861549777","","Yes","No","Yes","No","More than 20 hours","No","No","No","Yes","No","Not involved (""just"" playing)","No","Yes, I strongly identify as a gamer.","Duelist","Platinum-Diamond","","7 (Extremely Severe)","7 (Extremely Severe)","7 (Extremely Severe)","7 (Extremely Severe)","7 (Extremely Severe)","5 (Severe)","7 (Extremely Severe)","6 (Very Severe)","Agree","Agree","Disagree","Neutral","Disagree","Sometimes","Sometimes","Sometimes","Sometimes","Often","Often","Sometimes","Strongly disagree","Agree","Neutral","Agree","Strongly disagree","Agree","Agree","","1 (Not Severe at All)","Real","3 (Mild)","Real","4 (Moderate)","Real","6 (Very Severe)","Real","4 (Moderate)","Real","4 (Moderate)","Real","3 (Mild)","Real","4 (Moderate)","Real","3 (Mild)","Real","5 (Severe)","Real","7 (Extremely Severe)","Real","5 (Severe)","Real","4 (Moderate)","Real","4 (Moderate)","Real","Male","","25 - 35 years old","Yes","No","No","No","No","No"
"235","1980-01-01 00:00:00","6","en","1987809151","","Yes","No","Yes","No","More than 20 hours","No","No","Yes","Yes","No","Passive Participant (Reading posts, Attending Events, ...)","No","Yes, I strongly identify as a gamer.","Duelist","Ascendant-Immortal1","","7 (Extremely Severe)","7 (Extremely Severe)","6 (Very Severe)","7 (Extremely Severe)","5 (Severe)","5 (Severe)","7 (Extremely Severe)","4 (Moderate)","Agree","Strongly agree","Agree","Strongly agree","Strongly disagree","Always","Often","Sometimes","Rarely","Sometimes","Rarely","Never","Strongly disagree","Agree","Agree","Strongly disagree","Strongly disagree","Neutral","Agree","","1 (Not Severe at All)","Real","5 (Severe)","Real","4 (Moderate)","Not Real","5 (Severe)","Real","3 (Mild)","Not Real","3 (Mild)","Real","2 (Very Mild)","Real","3 (Mild)","Real","3 (Mild)","Not Real","6 (Very Severe)","Not Real","7 (Extremely Severe)","Real","4 (Moderate)","Real","4 (Moderate)","Not Real","4 (Moderate)","Real","Female","","Under 18 years old","No","No","Yes","No","No","No"
"236","1980-01-01 00:00:00","6","en","21884973","","Yes","No","No","Yes","10 to 20 hours","Yes","No","Yes","Yes","No","Active Participant (Posting, Organizing Events, Moderating Communities, ...)","No","Yes, I strongly identify as a gamer.","Duelist","Ascendant-Immortal1","","1 (Not Severe at All)","1 (Not Severe at All)","1 (Not Severe at All)","1 (Not Severe at All)","1 (Not Severe at All)","1 (Not Severe at All)","1 (Not Severe at All)","1 (Not Severe at All)","Agree","Strongly disagree","Strongly disagree","Agree","Strongly disagree","Always","Always","Rarely","","Sometimes","Sometimes","","Strongly disagree","Strongly disagree","Strongly disagree","Strongly disagree","Strongly disagree","Strongly agree","Strongly disagree","","1 (Not Severe at All)","Real","1 (Not Severe at All)","Not Real","1 (Not Severe at All)","Not Real","1 (Not Severe at All)","Not Real","1 (Not Severe at All)","Not Real","1 (Not Severe at All)","Not Real","1 (Not Severe at All)","Not Real","1 (Not Severe at All)","Not Real","1 (Not Severe at All)","Not Real","7 (Extremely Severe)","Not Real","1 (Not Severe at All)","Not Real","1 (Not Severe at All)","Not Real","1 (Not Severe at All)","Not Real","1 (Not Severe at All)","Not Real","Other","There’s only 2 genders, male and female. I am a male.","25 - 35 years old","Yes","No","No","No","No","No"
"238","1980-01-01 00:00:00","6","en","662404152","","Yes","Yes","No","No","","No","No","No","No","No","","","","","","","","","","","","","","","","","","","","","","","","","","","","","","","","","","","4 (Moderate)","Real","3 (Mild)","Real","5 (Severe)","Real","5 (Severe)","Not Real","4 (Moderate)","Real","1 (Not Severe at All)","Real","2 (Very Mild)","Real","4 (Moderate)","Not Real","2 (Very Mild)","Not Real","5 (Severe)","Real","7 (Extremely Severe)","Real","4 (Moderate)","Real","3 (Mild)","Real","3 (Mild)","Real","Male","","18 - 25 years old","Yes","No","No","No","No","No"
"239","1980-01-01 00:00:00","6","en","758299473","","Yes","No","Yes","No","More than 20 hours","No","No","No","Yes","No","Passive Participant (Reading posts, Attending Events, ...)","No","Yes, I strongly identify as a gamer.","Controller","I don't play ranked.","","1 (Not Severe at All)","1 (Not Severe at All)","1 (Not Severe at All)","1 (Not Severe at All)","1 (Not Severe at All)","2 (Very Mild)","1 (Not Severe at All)","3 (Mild)","Neutral","Strongly disagree","Strongly disagree","Agree","Strongly disagree","Rarely","Sometimes","Never","Never","","Always","Never","Strongly disagree","Strongly agree","Strongly disagree","Agree","Strongly disagree","Disagree","Neutral","","1 (Not Severe at All)","Real","1 (Not Severe at All)","Not Real","1 (Not Severe at All)","Not Real","6 (Very Severe)","Not Real","5 (Severe)","Not Real","","","6 (Very Severe)","Real","7 (Extremely Severe)","Not Real","6 (Very Severe)","Not Real","7 (Extremely Severe)","Not Real","7 (Extremely Severe)","Not Real","5 (Severe)","Not Real","5 (Severe)","Not Real","4 (Moderate)","Real","Female","","25 - 35 years old","Yes","No","No","No","No","No"
"242","1980-01-01 00:00:00","6","en","318203999","","Yes","No","Yes","No","5 to 10 hours","No","No","No","No","Yes","Passive Participant (Reading posts, Attending Events, ...)","No","Yes, I strongly identify as a gamer.","Sentinel","Silver-Gold","","3 (Mild)","3 (Mild)","6 (Very Severe)","6 (Very Severe)","6 (Very Severe)","5 (Severe)","4 (Moderate)","4 (Moderate)","Agree","Agree","Neutral","Disagree","Neutral","Often","Often","Sometimes","Never","Often","Never","Never","Disagree","Agree","Neutral","Disagree","Neutral","Neutral","Agree","","1 (Not Severe at All)","Real","3 (Mild)","Real","3 (Mild)","Real","4 (Moderate)","Real","4 (Moderate)","Real","5 (Severe)","Real","3 (Mild)","Real","5 (Severe)","Real","","","7 (Extremely Severe)","Real","7 (Extremely Severe)","Real","5 (Severe)","Real","3 (Mild)","Real","3 (Mild)","Real","Male","","18 - 25 years old","No","No","No","No","No","Yes"
"246","1980-01-01 00:00:00","6","en","1664053987","","Yes","No","Yes","No","Less than 5 hours","No","No","No","No","Yes","Passive Participant (Reading posts, Attending Events, ...)","No","No, I don't identify as a gamer, even though I play games.","Sentinel","Silver-Gold","","2 (Very Mild)","1 (Not Severe at All)","5 (Severe)","5 (Severe)","7 (Extremely Severe)","7 (Extremely Severe)","1 (Not Severe at All)","5 (Severe)","Strongly disagree","Strongly agree","Neutral","Strongly disagree","Agree","Often","Often","Rarely","Rarely","Often","Often","Sometimes","Strongly disagree","Agree","Agree","Strongly disagree","Neutral","Neutral","Disagree","","4 (Moderate)","Real","4 (Moderate)","Real","7 (Extremely Severe)","Real","7 (Extremely Severe)","Real","4 (Moderate)","Real","5 (Severe)","Real","6 (Very Severe)","Real","7 (Extremely Severe)","Real","5 (Severe)","Real","6 (Very Severe)","Real","7 (Extremely Severe)","Not Real","7 (Extremely Severe)","Real","6 (Very Severe)","Real","5 (Severe)","Real","Agender","","18 - 25 years old","Yes","No","No","No","No","No"
"247","1980-01-01 00:00:00","6","en","96685646","","Yes","No","Yes","No","More than 20 hours","No","No","No","No","Yes","Passive Participant (Reading posts, Attending Events, ...)","Yes","Yes, I strongly identify as a gamer.","Duelist","Silver-Gold","","5 (Severe)","7 (Extremely Severe)","6 (Very Severe)","6 (Very Severe)","6 (Very Severe)","6 (Very Severe)","4 (Moderate)","7 (Extremely Severe)","Neutral","Strongly agree","Agree","Disagree","Strongly agree","Always","Always","Rarely","Rarely","Often","Often","","Strongly disagree","Neutral","Agree","Strongly agree","Agree","Agree","Strongly disagree","","7 (Extremely Severe)","Real","5 (Severe)","Real","5 (Severe)","Real","5 (Severe)","Real","","","5 (Severe)","Real","6 (Very Severe)","Real","","Not Real","5 (Severe)","Real","","","","","7 (Extremely Severe)","Real","7 (Extremely Severe)","Real","4 (Moderate)","Real","Female","","25 - 35 years old","Yes","No","No","No","No","No"
"248","1980-01-01 00:00:00","6","en","1427585862","","Yes","No","Yes","No","5 to 10 hours","No","No","No","No","Yes","Passive Participant (Reading posts, Attending Events, ...)","No","Yes, I strongly identify as a gamer.","Controller","Iron-Bronze","","7 (Extremely Severe)","4 (Moderate)","7 (Extremely Severe)","7 (Extremely Severe)","5 (Severe)","5 (Severe)","7 (Extremely Severe)","4 (Moderate)","Neutral","Strongly agree","Strongly disagree","Neutral","Strongly agree","Often","Often","Sometimes","Never","Always","Always","Never","Strongly disagree","Neutral","Agree","Disagree","Strongly disagree","Agree","Neutral","","5 (Severe)","Real","4 (Moderate)","Real","6 (Very Severe)","Not Real","7 (Extremely Severe)","Real","5 (Severe)","Real","4 (Moderate)","Not Real","6 (Very Severe)","Real","5 (Severe)","Not Real","7 (Extremely Severe)","Not Real","","","7 (Extremely Severe)","Real","5 (Severe)","Real","5 (Severe)","Real","5 (Severe)","Real","Male","","Under 18 years old","Yes","No","No","No","No","No"
"250","1980-01-01 00:00:00","6","en","459026768","","Yes","No","Yes","No","10 to 20 hours","No","No","No","No","Yes","Not involved (""just"" playing)","No","Somewhat, I identify as a gamer in certain contexts.","Controller","I don't play ranked.","","4 (Moderate)","4 (Moderate)","6 (Very Severe)","7 (Extremely Severe)","4 (Moderate)","6 (Very Severe)","7 (Extremely Severe)","5 (Severe)","Strongly disagree","Strongly agree","Strongly agree","Strongly disagree","Strongly agree","Always","Always","Always","Always","Always","","Sometimes","Strongly disagree","Strongly disagree","Strongly agree","Strongly disagree","Strongly agree","Agree","Disagree","","4 (Moderate)","Real","4 (Moderate)","Real","4 (Moderate)","Real","5 (Severe)","Real","4 (Moderate)","Real","3 (Mild)","Not Real","4 (Moderate)","Real","5 (Severe)","Real","5 (Severe)","Real","6 (Very Severe)","Real","7 (Extremely Severe)","Real","4 (Moderate)","Real","4 (Moderate)","Not Real","3 (Mild)","Real","Female","","18 - 25 years old","Yes","No","No","No","No","No"
