"id","submitdate","lastpage","startlanguage","seed","G01Q18","proceed","second","G01Q01[SQ001]","G01Q01[SQ002]","G01Q01[SQ003]","G01Q02","G01Q03[SQ001]","G01Q03[SQ002]","G01Q03[SQ005]","G01Q03[SQ003]","G01Q03[SQ004]","G01Q03[SQ006]","G01Q04","G01Q05","G01Q06","G03Q13","G02Q10[SQ001]","G02Q10[SQ002]","G02Q10[SQ003]","G02Q10[SQ004]","G02Q10[SQ005]","G02Q10[SQ008]","G02Q10[SQ006]","G02Q10[SQ007]","G03Q12[SQ001]","G03Q12[SQ005]","G03Q12[SQ002]","G03Q12[SQ003]","G03Q12[SQ004]","G05Q16[SQ001]","G05Q16[SQ002]","G05Q16[SQ007]","G05Q16[SQ008]","G05Q16[SQ003]","G05Q16[SQ004]","G05Q16[SQ005]","G05Q16[SQ006]","G04Q14[SQ001]","G04Q14[SQ002]","G04Q14[SQ003]","G04Q14[SQ004]","G04Q14[SQ005]","G04Q14[SQ007]","G04Q14[SQ006]","G05Q19","G04Q17[SQ001][1]","G04Q17[SQ001][2]","G04Q17[SQ002][1]","G04Q17[SQ002][2]","G04Q17[SQ003][1]","G04Q17[SQ003][2]","G04Q17[SQ004][1]","G04Q17[SQ004][2]","G04Q17[SQ005][1]","G04Q17[SQ005][2]","G04Q17[SQ006][1]","G04Q17[SQ006][2]","G04Q17[SQ007][1]","G04Q17[SQ007][2]","G04Q17[SQ008][1]","G04Q17[SQ008][2]","G04Q17[SQ009][1]","G04Q17[SQ009][2]","G04Q17[SQ010][1]","G04Q17[SQ010][2]","G04Q17[SQ011][1]","G04Q17[SQ011][2]","G04Q17[SQ012][1]","G04Q17[SQ012][2]","G04Q17[SQ013][1]","G04Q17[SQ013][2]","G04Q17[SQ014][1]","G04Q17[SQ014][2]","G06Q17","G06Q17[other]","G07Q20","G01Q21[SQ001]","G01Q21[SQ002]","G01Q21[SQ003]","G01Q21[SQ004]","G01Q21[SQ005]","G01Q21[SQ007]"
"1","1980-01-01 00:00:00","6","en","312306646","","Yes","No","Yes","No","Yes","5 to 10 hours","No","No","No","Yes","No","No","Not involved (""just"" playing)","Yes","Yes, I strongly identify as a gamer.","","7 (Extremely Severe)","7 (Extremely Severe)","7 (Extremely Severe)","7 (Extremely Severe)","7 (Extremely Severe)","7 (Extremely Severe)","7 (Extremely Severe)","7 (Extremely Severe)","Neutral","Strongly agree","Agree","Disagree","Agree","Always","Often","Never","Never","Never","Never","Never","Never","Strongly disagree","Agree","Agree","Neutral","Agree","Neutral","Agree","","4 (Moderate)","Real","4 (Moderate)","Real","6 (Very Severe)","Real","5 (Severe)","Real","5 (Severe)","Real","7 (Extremely Severe)","Real","5 (Severe)","Real","4 (Moderate)","","6 (Very Severe)","Real","6 (Very Severe)","Real","7 (Extremely Severe)","Real","7 (Extremely Severe)","Real","4 (Moderate)","Real","5 (Severe)","Real","Male","","18 - 25 years old","Yes","No","No","No","No","No"
"2","1980-01-01 00:00:00","6","en","1604570157","","Yes","Yes","No","No","No","","No","No","No","No","No","No","","","","","","","","","","","","","","","","","","","","","","","","","","","","","","","","","","2 (Very Mild)","Real","1 (Not Severe at All)","Real","4 (Moderate)","Real","6 (Very Severe)","Real","5 (Severe)","Real","1 (Not Severe at All)","Not Real","3 (Mild)","Real","4 (Moderate)","Not Real","6 (Very Severe)","Real","6 (Very Severe)","Not Real","7 (Extremely Severe)","Real","5 (Severe)","Real","4 (Moderate)","Real","5 (Severe)","Real","Male","","18 - 25 years old","Yes","No","No","No","No","No"
"3","1980-01-01 00:00:00","6","en","1889352802","","Yes","No","Yes","No","No","10 to 20 hours","No","No","No","No","Yes","No","Active Participant (Posting, Organizing Events, Moderating Communities, ...)","No","Yes, I strongly identify as a gamer.","","2 (Very Mild)","1 (Not Severe at All)","2 (Very Mild)","1 (Not Severe at All)","3 (Mild)","3 (Mild)","1 (Not Severe at All)","1 (Not Severe at All)","Disagree","Disagree","Disagree","Neutral","Strongly disagree","Always","Always","Sometimes","Sometimes","Sometimes","Sometimes","Never","Sometimes","Strongly disagree","Strongly disagree","Agree","Disagree","Neutral","Strongly agree","Strongly disagree","","1 (Not Severe at All)","Real","2 (Very Mild)","Real","4 (Moderate)","Real","5 (Severe)","Real","5 (Severe)","Not Real","","","5 (Severe)","Real","6 (Very Severe)","Not Real","4 (Moderate)","Real","5 (Severe)","Real","7 (Extremely Severe)","Real","5 (Severe)","Real","3 (Mild)","Real","4 (Moderate)","Real","Male","","25 - 35 years old","Yes","No","No","No","No","No"
"7","1980-01-01 00:00:00","6","en","1292570482","","Yes","No","Yes","No","No","More than 20 hours","No","No","No","No","Yes","No","Passive Participant (Reading posts, Attending Events, ...)","No","Yes, I strongly identify as a gamer.","","6 (Very Severe)","2 (Very Mild)","7 (Extremely Severe)","7 (Extremely Severe)","7 (Extremely Severe)","5 (Severe)","5 (Severe)","6 (Very Severe)","Strongly agree","Agree","Neutral","Strongly disagree","Agree","Always","Always","Rarely","Sometimes","Always","Often","Rarely","Sometimes","Strongly disagree","Neutral","Agree","Agree","Strongly disagree","Agree","Disagree","","4 (Moderate)","Real","7 (Extremely Severe)","Real","6 (Very Severe)","Real","6 (Very Severe)","Real","6 (Very Severe)","Real","","","6 (Very Severe)","Real","6 (Very Severe)","Real","6 (Very Severe)","Real","7 (Extremely Severe)","Real","7 (Extremely Severe)","Real","5 (Severe)","Real","5 (Severe)","Real","5 (Severe)","Real","Male","","18 - 25 years old","Yes","No","No","No","No","No"
"8","1980-01-01 00:00:00","6","en","131751139","","Yes","No","Yes","No","Yes","10 to 20 hours","No","No","No","Yes","Yes","No","Active Participant (Posting, Organizing Events, Moderating Communities, ...)","Yes","Somewhat, I identify as a gamer in certain contexts.","","6 (Very Severe)","6 (Very Severe)","6 (Very Severe)","7 (Extremely Severe)","5 (Severe)","7 (Extremely Severe)","7 (Extremely Severe)","5 (Severe)","Disagree","Strongly agree","Strongly agree","Strongly disagree","Strongly agree","Always","Always","Sometimes","Rarely","Always","Often","Sometimes","Rarely","Strongly disagree","Disagree","Agree","Strongly disagree","Agree","Neutral","Disagree","","4 (Moderate)","Real","4 (Moderate)","Real","6 (Very Severe)","Real","5 (Severe)","Real","5 (Severe)","Real","5 (Severe)","Not Real","4 (Moderate)","Real","7 (Extremely Severe)","Not Real","6 (Very Severe)","Real","7 (Extremely Severe)","Real","7 (Extremely Severe)","Real","5 (Severe)","Real","5 (Severe)","Real","6 (Very Severe)","Real","Female","","18 - 25 years old","Yes","No","No","No","No","No"
"10","1980-01-01 00:00:00","6","en","1830194969","","Yes","No","Yes","No","No","More than 20 hours","No","No","No","Yes","No","No","Passive Participant (Reading posts, Attending Events, ...)","No","Yes, I strongly identify as a gamer.","","6 (Very Severe)","4 (Moderate)","3 (Mild)","5 (Severe)","2 (Very Mild)","6 (Very Severe)","7 (Extremely Severe)","3 (Mild)","Strongly agree","Agree","Strongly disagree","Disagree","Strongly disagree","Often","Sometimes","Sometimes","Often","Sometimes","Always","Often","Sometimes","Neutral","Agree","Strongly disagree","Agree","Strongly disagree","Disagree","Strongly agree","","1 (Not Severe at All)","Real","5 (Severe)","Real","2 (Very Mild)","Real","6 (Very Severe)","Real","6 (Very Severe)","Real","1 (Not Severe at All)","Not Real","4 (Moderate)","Real","6 (Very Severe)","Real","7 (Extremely Severe)","Real","6 (Very Severe)","Real","7 (Extremely Severe)","Real","3 (Mild)","Real","3 (Mild)","Real","4 (Moderate)","Real","Male","","18 - 25 years old","Yes","No","No","No","No","No"
"11","1980-01-01 00:00:00","6","en","1943326327","","Yes","No","Yes","No","No","More than 20 hours","No","No","No","Yes","No","No","Passive Participant (Reading posts, Attending Events, ...)","No","Yes, I strongly identify as a gamer.","","2 (Very Mild)","1 (Not Severe at All)","2 (Very Mild)","3 (Mild)","2 (Very Mild)","4 (Moderate)","1 (Not Severe at All)","1 (Not Severe at All)","Strongly agree","Strongly agree","Strongly disagree","Disagree","Strongly disagree","Always","Always","Never","Never","Never","Never","Never","Never","Strongly disagree","Neutral","Neutral","Agree","Strongly disagree","Strongly agree","Strongly disagree","","1 (Not Severe at All)","Real","4 (Moderate)","Real","1 (Not Severe at All)","Real","1 (Not Severe at All)","Real","2 (Very Mild)","Real","3 (Mild)","","1 (Not Severe at All)","","1 (Not Severe at All)","Not Real","2 (Very Mild)","Real","1 (Not Severe at All)","Not Real","","Real","2 (Very Mild)","Real","1 (Not Severe at All)","","2 (Very Mild)","Real","Female","","25 - 35 years old","Yes","No","No","No","No","No"
"13","1980-01-01 00:00:00","6","en","1147605142","","Yes","No","Yes","No","No","10 to 20 hours","No","No","No","Yes","No","No","Passive Participant (Reading posts, Attending Events, ...)","No","Somewhat, I identify as a gamer in certain contexts.","","7 (Extremely Severe)","7 (Extremely Severe)","4 (Moderate)","5 (Severe)","4 (Moderate)","3 (Mild)","7 (Extremely Severe)","2 (Very Mild)","Agree","Agree","Disagree","Agree","Neutral","Often","Always","Rarely","Rarely","Sometimes","Sometimes","Never","Never","Neutral","Agree","Neutral","Neutral","Disagree","Strongly agree","Agree","","2 (Very Mild)","Real","2 (Very Mild)","Real","2 (Very Mild)","Real","4 (Moderate)","Real","2 (Very Mild)","Real","2 (Very Mild)","Real","2 (Very Mild)","Real","4 (Moderate)","Real","2 (Very Mild)","Real","4 (Moderate)","Real","7 (Extremely Severe)","Real","2 (Very Mild)","Real","3 (Mild)","Real","2 (Very Mild)","Real","Female","","18 - 25 years old","Yes","No","No","No","No","No"
"15","1980-01-01 00:00:00","6","en","1592030856","","Yes","No","Yes","No","No","5 to 10 hours","No","No","No","No","Yes","No","Active Participant (Posting, Organizing Events, Moderating Communities, ...)","No","Yes, I strongly identify as a gamer.","","1 (Not Severe at All)","1 (Not Severe at All)","4 (Moderate)","3 (Mild)","3 (Mild)","4 (Moderate)","3 (Mild)","4 (Moderate)","Strongly agree","Agree","Strongly disagree","Disagree","Agree","Always","Often","Always","Always","Often","Often","Often","Often","Strongly disagree","Agree","Neutral","Agree","Strongly disagree","Neutral","Agree","","2 (Very Mild)","Real","4 (Moderate)","Real","5 (Severe)","Real","7 (Extremely Severe)","Real","6 (Very Severe)","Real","1 (Not Severe at All)","Real","5 (Severe)","Real","7 (Extremely Severe)","Real","4 (Moderate)","Not Real","6 (Very Severe)","Real","7 (Extremely Severe)","Real","5 (Severe)","Real","3 (Mild)","Real","5 (Severe)","Real","Male","","25 - 35 years old","Yes","No","No","No","No","No"
"16","1980-01-01 00:00:00","6","en","557447119","","Yes","No","Yes","No","No","More than 20 hours","No","No","No","Yes","No","No","Active Participant (Posting, Organizing Events, Moderating Communities, ...)","Yes","Yes, I strongly identify as a gamer.","","6 (Very Severe)","6 (Very Severe)","6 (Very Severe)","7 (Extremely Severe)","5 (Severe)","4 (Moderate)","7 (Extremely Severe)","2 (Very Mild)","Agree","Agree","Strongly disagree","Disagree","Agree","Often","Often","Rarely","Rarely","Often","Often","Rarely","Rarely","Disagree","Neutral","Agree","Disagree","Neutral","Agree","Agree","","2 (Very Mild)","Real","4 (Moderate)","Real","5 (Severe)","Not Real","5 (Severe)","Real","6 (Very Severe)","Real","","","6 (Very Severe)","Real","6 (Very Severe)","Real","6 (Very Severe)","Real","6 (Very Severe)","Real","7 (Extremely Severe)","Real","4 (Moderate)","Real","5 (Severe)","Real","5 (Severe)","Real","Male","","18 - 25 years old","Yes","No","No","No","No","No"
"18","1980-01-01 00:00:00","6","en","1273713397","","Yes","Yes","No","No","No","","No","No","No","No","No","No","","","","","","","","","","","","","","","","","","","","","","","","","","","","","","","","","","1 (Not Severe at All)","","4 (Moderate)","","3 (Mild)","","4 (Moderate)","","3 (Mild)","","2 (Very Mild)","","3 (Mild)","","3 (Mild)","","5 (Severe)","","7 (Extremely Severe)","","7 (Extremely Severe)","","5 (Severe)","","2 (Very Mild)","","5 (Severe)","","Female","","18 - 25 years old","Yes","No","No","No","No","No"
"20","1980-01-01 00:00:00","6","en","2128824460","","Yes","Yes","No","No","No","","No","No","No","No","No","No","","","","","","","","","","","","","","","","","","","","","","","","","","","","","","","","","","4 (Moderate)","Real","4 (Moderate)","Real","4 (Moderate)","Real","7 (Extremely Severe)","Real","6 (Very Severe)","Real","4 (Moderate)","Real","6 (Very Severe)","Real","","Not Real","5 (Severe)","Not Real","7 (Extremely Severe)","Real","7 (Extremely Severe)","Real","5 (Severe)","Real","5 (Severe)","","5 (Severe)","Real","Female","","18 - 25 years old","Yes","No","No","No","No","No"
"21","1980-01-01 00:00:00","6","en","1061305822","","Yes","No","Yes","Yes","Yes","More than 20 hours","Yes","No","No","Yes","Yes","No","Passive Participant (Reading posts, Attending Events, ...)","No","Yes, I strongly identify as a gamer.","","3 (Mild)","1 (Not Severe at All)","3 (Mild)","3 (Mild)","6 (Very Severe)","5 (Severe)","3 (Mild)","4 (Moderate)","Agree","Disagree","Strongly disagree","Agree","Neutral","Sometimes","Rarely","Often","Often","Often","Often","Rarely","Rarely","Disagree","Agree","Neutral","Strongly agree","Neutral","Agree","Neutral","","3 (Mild)","Real","","Real","4 (Moderate)","Real","5 (Severe)","Real","2 (Very Mild)","Real","5 (Severe)","Real","5 (Severe)","Real","3 (Mild)","Real","3 (Mild)","Real","3 (Mild)","Real","6 (Very Severe)","Real","5 (Severe)","Real","4 (Moderate)","Real","4 (Moderate)","Real","Male","","25 - 35 years old","Yes","No","No","No","No","No"
"22","1980-01-01 00:00:00","6","en","1887021230","","Yes","Yes","No","No","No","","No","No","No","No","No","No","","","","","","","","","","","","","","","","","","","","","","","","","","","","","","","","","","4 (Moderate)","","5 (Severe)","","5 (Severe)","","7 (Extremely Severe)","","4 (Moderate)","","6 (Very Severe)","","6 (Very Severe)","","5 (Severe)","","5 (Severe)","","6 (Very Severe)","","7 (Extremely Severe)","","6 (Very Severe)","","6 (Very Severe)","","6 (Very Severe)","","Female","","25 - 35 years old","Yes","No","No","No","No","No"
"24","1980-01-01 00:00:00","6","en","504138825","","Yes","No","Yes","No","No","More than 20 hours","Yes","No","No","Yes","No","No","Passive Participant (Reading posts, Attending Events, ...)","No","Yes, I strongly identify as a gamer.","","5 (Severe)","3 (Mild)","5 (Severe)","5 (Severe)","2 (Very Mild)","3 (Mild)","6 (Very Severe)","1 (Not Severe at All)","Neutral","Neutral","Strongly disagree","Agree","Strongly disagree","Never","Rarely","Rarely","Never","Often","Rarely","Rarely","Rarely","Disagree","Neutral","Agree","Disagree","Disagree","Neutral","Strongly agree","","1 (Not Severe at All)","Not Real","2 (Very Mild)","Real","3 (Mild)","Real","4 (Moderate)","Real","3 (Mild)","Real","1 (Not Severe at All)","Not Real","2 (Very Mild)","Real","4 (Moderate)","Not Real","2 (Very Mild)","Real","5 (Severe)","Real","6 (Very Severe)","Real","2 (Very Mild)","Real","2 (Very Mild)","Real","1 (Not Severe at All)","Real","Male","","25 - 35 years old","Yes","No","No","No","No","No"
"25","1980-01-01 00:00:00","6","en","259485249","","Yes","No","Yes","No","No","10 to 20 hours","Yes","No","No","No","No","No","Passive Participant (Reading posts, Attending Events, ...)","No","Yes, I strongly identify as a gamer.","","5 (Severe)","7 (Extremely Severe)","7 (Extremely Severe)","6 (Very Severe)","4 (Moderate)","5 (Severe)","7 (Extremely Severe)","3 (Mild)","Agree","Agree","Disagree","Disagree","Strongly agree","Rarely","Often","Sometimes","Sometimes","Often","Often","Rarely","Rarely","Disagree","Neutral","Disagree","Agree","Disagree","Neutral","Agree","","1 (Not Severe at All)","Real","3 (Mild)","Real","5 (Severe)","Real","6 (Very Severe)","Real","6 (Very Severe)","Real","5 (Severe)","Real","2 (Very Mild)","Real","4 (Moderate)","Not Real","5 (Severe)","Real","7 (Extremely Severe)","Real","7 (Extremely Severe)","Real","3 (Mild)","Real","2 (Very Mild)","Real","3 (Mild)","Real","Male","","25 - 35 years old","Yes","No","No","No","No","No"
"26","1980-01-01 00:00:00","6","en","2013867182","","Yes","No","Yes","Yes","No","10 to 20 hours","No","No","No","No","No","Yes","Passive Participant (Reading posts, Attending Events, ...)","No","Somewhat, I identify as a gamer in certain contexts.","","5 (Severe)","5 (Severe)","3 (Mild)","4 (Moderate)","3 (Mild)","2 (Very Mild)","6 (Very Severe)","1 (Not Severe at All)","Strongly disagree","Neutral","Neutral","Strongly disagree","Disagree","Rarely","Often","Always","Often","Rarely","Rarely","Often","Often","Agree","Neutral","Strongly disagree","Strongly disagree","Strongly disagree","Neutral","Agree","","3 (Mild)","Real","3 (Mild)","Real","3 (Mild)","Not Real","5 (Severe)","Real","3 (Mild)","Real","1 (Not Severe at All)","Not Real","4 (Moderate)","Real","3 (Mild)","Real","3 (Mild)","Real","5 (Severe)","Real","6 (Very Severe)","Real","4 (Moderate)","Real","2 (Very Mild)","Not Real","3 (Mild)","Real","Male","","18 - 25 years old","Yes","No","No","No","No","No"
"28","1980-01-01 00:00:00","6","en","1700905465","","Yes","No","Yes","No","No","More than 20 hours","Yes","No","No","Yes","No","No","Passive Participant (Reading posts, Attending Events, ...)","No","Yes, I strongly identify as a gamer.","","5 (Severe)","5 (Severe)","6 (Very Severe)","7 (Extremely Severe)","5 (Severe)","5 (Severe)","7 (Extremely Severe)","2 (Very Mild)","Agree","Strongly agree","Agree","Strongly disagree","Agree","Often","Always","Rarely","Rarely","Rarely","Rarely","Rarely","Rarely","Strongly disagree","Neutral","Agree","Disagree","Disagree","Neutral","Neutral","","1 (Not Severe at All)","Real","1 (Not Severe at All)","Real","4 (Moderate)","Not Real","6 (Very Severe)","Real","3 (Mild)","Real","2 (Very Mild)","Not Real","3 (Mild)","Not Real","2 (Very Mild)","Real","5 (Severe)","Real","6 (Very Severe)","Not Real","7 (Extremely Severe)","Real","6 (Very Severe)","Real","4 (Moderate)","Real","4 (Moderate)","Real","Male","","18 - 25 years old","Yes","No","No","No","No","No"
"31","1980-01-01 00:00:00","6","en","726283069","","Yes","No","Yes","No","No","More than 20 hours","No","No","No","No","No","Yes","Passive Participant (Reading posts, Attending Events, ...)","No","Yes, I strongly identify as a gamer.","","7 (Extremely Severe)","7 (Extremely Severe)","4 (Moderate)","6 (Very Severe)","7 (Extremely Severe)","5 (Severe)","7 (Extremely Severe)","3 (Mild)","Strongly agree","Strongly agree","Disagree","Strongly disagree","Strongly agree","Never","Often","Sometimes","Sometimes","Often","Often","Rarely","Rarely","Neutral","Agree","Strongly agree","Disagree","Strongly agree","Disagree","Agree","","3 (Mild)","Real","4 (Moderate)","Real","4 (Moderate)","Real","6 (Very Severe)","Real","4 (Moderate)","Real","3 (Mild)","Real","5 (Severe)","Real","5 (Severe)","Real","7 (Extremely Severe)","Real","7 (Extremely Severe)","Real","7 (Extremely Severe)","Real","6 (Very Severe)","Real","5 (Severe)","Not Real","4 (Moderate)","Real","Male","","18 - 25 years old","Yes","No","No","No","No","No"
"32","1980-01-01 00:00:00","6","en","1369166579","","Yes","No","Yes","No","No","Less than 5 hours","No","No","No","Yes","No","No","Passive Participant (Reading posts, Attending Events, ...)","No","Somewhat, I identify as a gamer in certain contexts.","","5 (Severe)","5 (Severe)","6 (Very Severe)","6 (Very Severe)","4 (Moderate)","1 (Not Severe at All)","7 (Extremely Severe)","4 (Moderate)","Neutral","Agree","Strongly disagree","Agree","Strongly agree","Often","Sometimes","Sometimes","Sometimes","Often","Often","Sometimes","Sometimes","Neutral","Agree","Neutral","Neutral","Neutral","Neutral","Strongly agree","","1 (Not Severe at All)","Real","1 (Not Severe at All)","Real","5 (Severe)","Real","5 (Severe)","Real","2 (Very Mild)","Not Real","1 (Not Severe at All)","Not Real","5 (Severe)","Real","6 (Very Severe)","Real","5 (Severe)","Real","6 (Very Severe)","Real","7 (Extremely Severe)","Real","5 (Severe)","Real","2 (Very Mild)","Real","3 (Mild)","Real","Male","","25 - 35 years old","Yes","No","No","No","No","No"
"33","1980-01-01 00:00:00","6","en","1850556634","","Yes","Yes","No","No","No","","No","No","No","No","No","No","","","","","","","","","","","","","","","","","","","","","","","","","","","","","","","","","","3 (Mild)","Real","4 (Moderate)","Real","5 (Severe)","Real","5 (Severe)","Real","4 (Moderate)","Real","4 (Moderate)","Real","4 (Moderate)","Real","7 (Extremely Severe)","Real","6 (Very Severe)","Real","7 (Extremely Severe)","Real","7 (Extremely Severe)","Real","","","2 (Very Mild)","Real","5 (Severe)","Real","Female","","Under 18 years old","No","No","No","Yes","No","No"
"34","1980-01-01 00:00:00","6","en","1456639484","","Yes","No","Yes","No","No","More than 20 hours","No","No","No","Yes","No","No","Passive Participant (Reading posts, Attending Events, ...)","No","Yes, I strongly identify as a gamer.","","6 (Very Severe)","6 (Very Severe)","7 (Extremely Severe)","6 (Very Severe)","5 (Severe)","6 (Very Severe)","7 (Extremely Severe)","4 (Moderate)","Strongly agree","Strongly agree","Disagree","Disagree","Disagree","Often","Sometimes","Always","Sometimes","Always","Always","Always","Sometimes","Disagree","Strongly disagree","Agree","Strongly disagree","Disagree","Agree","Strongly disagree","","3 (Mild)","Real","4 (Moderate)","Real","4 (Moderate)","Real","7 (Extremely Severe)","Real","4 (Moderate)","Not Real","5 (Severe)","Real","6 (Very Severe)","Not Real","6 (Very Severe)","Not Real","4 (Moderate)","Not Real","6 (Very Severe)","Not Real","7 (Extremely Severe)","Not Real","5 (Severe)","Not Real","6 (Very Severe)","Real","5 (Severe)","Not Real","Male","","25 - 35 years old","Yes","No","No","No","No","No"
"35","1980-01-01 00:00:00","6","en","1196818366","","Yes","No","Yes","No","No","5 to 10 hours","Yes","No","No","No","No","No","Passive Participant (Reading posts, Attending Events, ...)","No","Yes, I strongly identify as a gamer.","","4 (Moderate)","4 (Moderate)","5 (Severe)","4 (Moderate)","6 (Very Severe)","4 (Moderate)","4 (Moderate)","4 (Moderate)","Agree","Neutral","Strongly disagree","Neutral","Agree","Often","Often","Rarely","Rarely","Always","Always","Often","Often","Strongly disagree","Disagree","Agree","Disagree","Neutral","Agree","Strongly disagree","","1 (Not Severe at All)","","1 (Not Severe at All)","","6 (Very Severe)","","6 (Very Severe)","","7 (Extremely Severe)","","1 (Not Severe at All)","","3 (Mild)","","7 (Extremely Severe)","","3 (Mild)","","7 (Extremely Severe)","","7 (Extremely Severe)","","7 (Extremely Severe)","","5 (Severe)","","1 (Not Severe at All)","","Male","","Over 35 years old","Yes","No","No","No","No","No"
"36","1980-01-01 00:00:00","6","en","1620723620","","Yes","Yes","No","No","No","","No","No","No","No","No","No","","","","","","","","","","","","","","","","","","","","","","","","","","","","","","","","","","3 (Mild)","Real","5 (Severe)","Real","5 (Severe)","Real","6 (Very Severe)","Real","5 (Severe)","Real","5 (Severe)","Real","6 (Very Severe)","Real","6 (Very Severe)","Real","5 (Severe)","Real","6 (Very Severe)","Real","7 (Extremely Severe)","Real","5 (Severe)","Real","5 (Severe)","Real","5 (Severe)","Real","Female","","18 - 25 years old","Yes","No","No","No","No","No"
"37","1980-01-01 00:00:00","6","en","2059081449","","Yes","No","Yes","No","No","More than 20 hours","No","No","No","Yes","No","No","Active Participant (Posting, Organizing Events, Moderating Communities, ...)","Yes","Yes, I strongly identify as a gamer.","","7 (Extremely Severe)","7 (Extremely Severe)","7 (Extremely Severe)","7 (Extremely Severe)","5 (Severe)","7 (Extremely Severe)","7 (Extremely Severe)","6 (Very Severe)","Neutral","Strongly agree","Neutral","Disagree","Agree","Sometimes","Sometimes","Never","Never","Often","Often","Never","Never","Strongly disagree","Disagree","Strongly agree","Strongly disagree","Agree","Agree","Disagree","","5 (Severe)","Real","5 (Severe)","Real","7 (Extremely Severe)","Real","6 (Very Severe)","Real","7 (Extremely Severe)","Real","5 (Severe)","Real","5 (Severe)","Real","7 (Extremely Severe)","Real","7 (Extremely Severe)","Real","7 (Extremely Severe)","Real","7 (Extremely Severe)","Real","6 (Very Severe)","Real","5 (Severe)","Real","5 (Severe)","Real","Non-binary","","25 - 35 years old","Yes","No","No","No","No","No"
"38","1980-01-01 00:00:00","6","en","1558687563","","Yes","No","Yes","No","No","10 to 20 hours","No","No","No","Yes","No","No","Passive Participant (Reading posts, Attending Events, ...)","Yes","Somewhat, I identify as a gamer in certain contexts.","","7 (Extremely Severe)","7 (Extremely Severe)","7 (Extremely Severe)","7 (Extremely Severe)","7 (Extremely Severe)","7 (Extremely Severe)","7 (Extremely Severe)","7 (Extremely Severe)","Strongly disagree","Strongly agree","Strongly agree","Strongly disagree","Strongly agree","Always","Always","Always","Always","Always","Always","Always","Always","Strongly disagree","Disagree","Strongly agree","Disagree","Neutral","Strongly agree","Strongly disagree","","3 (Mild)","Real","4 (Moderate)","","5 (Severe)","","6 (Very Severe)","Real","4 (Moderate)","Real","5 (Severe)","","5 (Severe)","","5 (Severe)","Real","5 (Severe)","Real","6 (Very Severe)","","7 (Extremely Severe)","Real","5 (Severe)","","5 (Severe)","","5 (Severe)","Real","Non-binary","","25 - 35 years old","Yes","No","No","No","No","No"
"39","1980-01-01 00:00:00","6","en","1943934434","","Yes","No","Yes","No","No","5 to 10 hours","No","Yes","No","No","No","No","Passive Participant (Reading posts, Attending Events, ...)","Yes","Yes, I strongly identify as a gamer.","","5 (Severe)","3 (Mild)","7 (Extremely Severe)","6 (Very Severe)","5 (Severe)","5 (Severe)","5 (Severe)","3 (Mild)","Neutral","Agree","Agree","Disagree","Strongly agree","Sometimes","Sometimes","Often","Often","Always","Always","Often","Often","Disagree","Neutral","Agree","Disagree","Agree","Neutral","Neutral","","3 (Mild)","","4 (Moderate)","","5 (Severe)","","6 (Very Severe)","","4 (Moderate)","","2 (Very Mild)","","5 (Severe)","","6 (Very Severe)","","6 (Very Severe)","","7 (Extremely Severe)","","7 (Extremely Severe)","","4 (Moderate)","","5 (Severe)","","6 (Very Severe)","","Male","","25 - 35 years old","Yes","No","No","No","No","No"
"40","1980-01-01 00:00:00","6","en","712918634","","Yes","No","Yes","No","No","10 to 20 hours","No","No","No","No","No","Yes","Not involved (""just"" playing)","No","Somewhat, I identify as a gamer in certain contexts.","","5 (Severe)","2 (Very Mild)","6 (Very Severe)","6 (Very Severe)","3 (Mild)","5 (Severe)","7 (Extremely Severe)","5 (Severe)","Agree","Agree","Disagree","Neutral","Disagree","Always","Always","Sometimes","Sometimes","Often","Often","Sometimes","Sometimes","Strongly disagree","Neutral","Disagree","Agree","Strongly disagree","Disagree","Neutral","","3 (Mild)","Real","6 (Very Severe)","Real","4 (Moderate)","Not Real","4 (Moderate)","Real","4 (Moderate)","Real","3 (Mild)","Real","6 (Very Severe)","Real","6 (Very Severe)","Not Real","5 (Severe)","Real","6 (Very Severe)","Not Real","5 (Severe)","Not Real","4 (Moderate)","","5 (Severe)","Real","4 (Moderate)","Real","Male","","18 - 25 years old","Yes","No","No","No","No","No"
"41","1980-01-01 00:00:00","6","en","1839909760","","Yes","No","Yes","No","No","10 to 20 hours","No","No","No","Yes","No","No","Passive Participant (Reading posts, Attending Events, ...)","Yes","Yes, I strongly identify as a gamer.","","7 (Extremely Severe)","7 (Extremely Severe)","6 (Very Severe)","7 (Extremely Severe)","4 (Moderate)","5 (Severe)","7 (Extremely Severe)","4 (Moderate)","Agree","Agree","Disagree","Neutral","Agree","Sometimes","Often","Sometimes","Often","Always","Always","Always","Rarely","Strongly disagree","Agree","Strongly agree","Disagree","Agree","Neutral","Agree","","4 (Moderate)","Real","6 (Very Severe)","Real","7 (Extremely Severe)","Not Real","7 (Extremely Severe)","Real","4 (Moderate)","Not Real","5 (Severe)","Real","5 (Severe)","Real","3 (Mild)","Not Real","6 (Very Severe)","Real","6 (Very Severe)","Real","7 (Extremely Severe)","Real","5 (Severe)","Real","5 (Severe)","Real","4 (Moderate)","Real","Male","","18 - 25 years old","Yes","No","No","No","No","No"
"42","1980-01-01 00:00:00","6","en","578719825","","Yes","Yes","No","No","No","","No","No","No","No","No","No","","","","","","","","","","","","","","","","","","","","","","","","","","","","","","","","","","3 (Mild)","Real","4 (Moderate)","Real","","","7 (Extremely Severe)","Real","6 (Very Severe)","Real","5 (Severe)","Real","5 (Severe)","Real","5 (Severe)","Real","5 (Severe)","Real","7 (Extremely Severe)","Real","7 (Extremely Severe)","Real","","","4 (Moderate)","Real","4 (Moderate)","Real","Female","","18 - 25 years old","Yes","No","No","No","No","No"
"43","1980-01-01 00:00:00","6","en","1643570119","","Yes","No","Yes","No","No","Less than 5 hours","No","No","No","Yes","No","No","Passive Participant (Reading posts, Attending Events, ...)","Yes","Yes, I strongly identify as a gamer.","","2 (Very Mild)","2 (Very Mild)","5 (Severe)","6 (Very Severe)","7 (Extremely Severe)","5 (Severe)","3 (Mild)","6 (Very Severe)","Neutral","Strongly agree","Agree","Strongly disagree","Strongly agree","Often","Often","Always","Sometimes","Always","Often","Always","Sometimes","Strongly disagree","Strongly agree","Agree","Neutral","Agree","Agree","Disagree","","3 (Mild)","","3 (Mild)","","5 (Severe)","","6 (Very Severe)","","5 (Severe)","","5 (Severe)","","4 (Moderate)","","6 (Very Severe)","","3 (Mild)","","7 (Extremely Severe)","","7 (Extremely Severe)","","4 (Moderate)","","4 (Moderate)","","2 (Very Mild)","","Female","","18 - 25 years old","Yes","No","No","No","No","No"
"44","1980-01-01 00:00:00","6","en","2072784381","","Yes","No","Yes","No","Yes","10 to 20 hours","No","No","No","Yes","No","No","Passive Participant (Reading posts, Attending Events, ...)","No","Yes, I strongly identify as a gamer.","","5 (Severe)","4 (Moderate)","6 (Very Severe)","7 (Extremely Severe)","3 (Mild)","6 (Very Severe)","7 (Extremely Severe)","5 (Severe)","Agree","Strongly agree","Strongly disagree","Neutral","Agree","Rarely","Sometimes","Rarely","Never","Often","Sometimes","Rarely","Rarely","Disagree","Agree","Agree","Neutral","Neutral","Disagree","Strongly agree","","1 (Not Severe at All)","Real","2 (Very Mild)","Real","5 (Severe)","Real","6 (Very Severe)","Real","4 (Moderate)","Real","","","4 (Moderate)","Real","4 (Moderate)","Not Real","4 (Moderate)","Real","6 (Very Severe)","Real","7 (Extremely Severe)","Real","6 (Very Severe)","Real","3 (Mild)","Real","4 (Moderate)","Real","Male","","18 - 25 years old","Yes","No","No","No","No","No"
"45","1980-01-01 00:00:00","6","en","2009889687","","Yes","No","Yes","No","No","10 to 20 hours","No","No","No","Yes","Yes","No","Passive Participant (Reading posts, Attending Events, ...)","No","Somewhat, I identify as a gamer in certain contexts.","","7 (Extremely Severe)","7 (Extremely Severe)","7 (Extremely Severe)","7 (Extremely Severe)","7 (Extremely Severe)","7 (Extremely Severe)","7 (Extremely Severe)","7 (Extremely Severe)","Neutral","Agree","Neutral","Disagree","Agree","Sometimes","Sometimes","Often","Often","Always","Always","Sometimes","Sometimes","Strongly disagree","Disagree","Strongly agree","Strongly disagree","Agree","Neutral","Agree","","5 (Severe)","Real","4 (Moderate)","Real","7 (Extremely Severe)","Real","7 (Extremely Severe)","Real","5 (Severe)","Real","","","7 (Extremely Severe)","Real","7 (Extremely Severe)","Real","7 (Extremely Severe)","Real","7 (Extremely Severe)","Real","7 (Extremely Severe)","Real","7 (Extremely Severe)","Real","6 (Very Severe)","Real","7 (Extremely Severe)","Real","Male","","18 - 25 years old","Yes","No","No","No","No","No"
"46","1980-01-01 00:00:00","6","en","930599457","","Yes","No","Yes","No","No","More than 20 hours","No","No","No","Yes","No","No","Not involved (""just"" playing)","No","Yes, I strongly identify as a gamer.","","1 (Not Severe at All)","1 (Not Severe at All)","4 (Moderate)","4 (Moderate)","6 (Very Severe)","2 (Very Mild)","1 (Not Severe at All)","5 (Severe)","Strongly agree","Neutral","Strongly disagree","Disagree","Disagree","Often","Often","Never","Never","Never","Never","Never","Never","Disagree","Agree","Strongly disagree","Strongly agree","Strongly disagree","Disagree","Neutral","","2 (Very Mild)","Real","2 (Very Mild)","Real","6 (Very Severe)","Real","5 (Severe)","Real","4 (Moderate)","Real","5 (Severe)","Not Real","4 (Moderate)","Real","5 (Severe)","Not Real","4 (Moderate)","Real","6 (Very Severe)","Real","7 (Extremely Severe)","Not Real","5 (Severe)","Real","4 (Moderate)","Real","5 (Severe)","Real","Male","","18 - 25 years old","Yes","No","No","No","No","No"
"48","1980-01-01 00:00:00","6","en","2140312168","","Yes","No","Yes","No","No","Less than 5 hours","No","No","No","Yes","No","No","Passive Participant (Reading posts, Attending Events, ...)","Yes","Yes, I strongly identify as a gamer.","","6 (Very Severe)","5 (Severe)","4 (Moderate)","7 (Extremely Severe)","6 (Very Severe)","6 (Very Severe)","7 (Extremely Severe)","3 (Mild)","Agree","Strongly agree","Disagree","Disagree","Agree","Often","Often","Sometimes","Sometimes","Always","Always","Sometimes","Sometimes","Disagree","Agree","Neutral","Neutral","Disagree","Agree","Neutral","","3 (Mild)","Real","3 (Mild)","Real","5 (Severe)","Real","6 (Very Severe)","Real","5 (Severe)","Real","3 (Mild)","Real","5 (Severe)","Real","7 (Extremely Severe)","Real","4 (Moderate)","Real","7 (Extremely Severe)","Real","7 (Extremely Severe)","Real","6 (Very Severe)","Real","3 (Mild)","Real","3 (Mild)","Real","Male","","25 - 35 years old","Yes","No","No","No","No","No"
"49","1980-01-01 00:00:00","6","en","365172536","","Yes","No","Yes","No","No","5 to 10 hours","No","No","No","Yes","No","No","Passive Participant (Reading posts, Attending Events, ...)","Yes","Yes, I strongly identify as a gamer.","","7 (Extremely Severe)","7 (Extremely Severe)","6 (Very Severe)","7 (Extremely Severe)","7 (Extremely Severe)","7 (Extremely Severe)","7 (Extremely Severe)","6 (Very Severe)","Neutral","Agree","Strongly disagree","Disagree","Agree","Always","Always","Often","Never","Always","Often","Often","Never","Strongly disagree","Strongly agree","Agree","Disagree","Strongly disagree","Neutral","Agree","","5 (Severe)","Real","5 (Severe)","Real","7 (Extremely Severe)","Real","7 (Extremely Severe)","Real","6 (Very Severe)","Real","","","4 (Moderate)","Real","7 (Extremely Severe)","Not Real","7 (Extremely Severe)","Real","7 (Extremely Severe)","Real","7 (Extremely Severe)","Real","7 (Extremely Severe)","Real","5 (Severe)","Not Real","1 (Not Severe at All)","Real","Male","","18 - 25 years old","Yes","No","No","No","No","No"
"50","1980-01-01 00:00:00","6","en","538976844","","Yes","No","Yes","No","No","10 to 20 hours","No","No","No","Yes","Yes","No","Active Participant (Posting, Organizing Events, Moderating Communities, ...)","No","Yes, I strongly identify as a gamer.","","6 (Very Severe)","7 (Extremely Severe)","7 (Extremely Severe)","7 (Extremely Severe)","7 (Extremely Severe)","7 (Extremely Severe)","7 (Extremely Severe)","6 (Very Severe)","Agree","Strongly agree","Agree","Neutral","Neutral","Always","Always","Often","Often","Often","Often","Often","Often","Strongly disagree","Neutral","Agree","Strongly disagree","Agree","Strongly agree","Disagree","","4 (Moderate)","Real","3 (Mild)","Real","6 (Very Severe)","Real","7 (Extremely Severe)","Real","5 (Severe)","Real","","","6 (Very Severe)","Real","7 (Extremely Severe)","Not Real","5 (Severe)","Real","7 (Extremely Severe)","Real","7 (Extremely Severe)","Real","7 (Extremely Severe)","Real","6 (Very Severe)","Real","6 (Very Severe)","Real","Male","","25 - 35 years old","Yes","No","No","No","No","No"
"51","1980-01-01 00:00:00","6","en","1650220667","","Yes","No","Yes","No","No","More than 20 hours","No","No","No","Yes","No","No","Active Participant (Posting, Organizing Events, Moderating Communities, ...)","Yes","Yes, I strongly identify as a gamer.","","7 (Extremely Severe)","7 (Extremely Severe)","7 (Extremely Severe)","6 (Very Severe)","7 (Extremely Severe)","3 (Mild)","7 (Extremely Severe)","4 (Moderate)","Agree","Neutral","Strongly agree","Agree","Neutral","Sometimes","Always","Rarely","Rarely","Always","Always","Rarely","Rarely","Neutral","Agree","Agree","Disagree","Strongly disagree","Neutral","Strongly agree","","1 (Not Severe at All)","Real","2 (Very Mild)","Real","3 (Mild)","Real","7 (Extremely Severe)","Real","2 (Very Mild)","Real","1 (Not Severe at All)","Real","5 (Severe)","Real","5 (Severe)","Real","4 (Moderate)","Real","7 (Extremely Severe)","Real","7 (Extremely Severe)","Real","5 (Severe)","Real","5 (Severe)","Real","3 (Mild)","Real","Male","","25 - 35 years old","Yes","No","No","No","No","No"
"54","1980-01-01 00:00:00","6","en","1038554459","","Yes","No","Yes","No","No","5 to 10 hours","No","No","No","No","No","Yes","Passive Participant (Reading posts, Attending Events, ...)","No","Yes, I strongly identify as a gamer.","","6 (Very Severe)","3 (Mild)","5 (Severe)","5 (Severe)","3 (Mild)","4 (Moderate)","2 (Very Mild)","2 (Very Mild)","Strongly agree","Agree","Neutral","Agree","Neutral","Always","Always","Sometimes","Sometimes","Often","Sometimes","Rarely","Never","Strongly disagree","Disagree","Agree","Disagree","Neutral","Agree","Neutral","","3 (Mild)","Real","5 (Severe)","Real","5 (Severe)","Not Real","5 (Severe)","Real","2 (Very Mild)","Not Real","2 (Very Mild)","Not Real","3 (Mild)","Not Real","5 (Severe)","Real","4 (Moderate)","Real","5 (Severe)","Not Real","6 (Very Severe)","Real","4 (Moderate)","Real","3 (Mild)","Not Real","3 (Mild)","Not Real","Non-binary","","18 - 25 years old","Yes","No","No","No","No","No"
"57","1980-01-01 00:00:00","6","en","878490236","","Yes","No","No","Yes","Yes","More than 20 hours","No","No","Yes","No","No","No","Passive Participant (Reading posts, Attending Events, ...)","No","Yes, I strongly identify as a gamer.","","1 (Not Severe at All)","1 (Not Severe at All)","3 (Mild)","3 (Mild)","3 (Mild)","3 (Mild)","2 (Very Mild)","4 (Moderate)","Strongly agree","Strongly agree","Disagree","Neutral","Disagree","Sometimes","Sometimes","Never","Never","Never","Never","Never","Never","Strongly disagree","Agree","Neutral","Neutral","Disagree","Agree","Disagree","","1 (Not Severe at All)","Real","2 (Very Mild)","Real","6 (Very Severe)","Real","7 (Extremely Severe)","Real","7 (Extremely Severe)","Real","5 (Severe)","Real","5 (Severe)","Not Real","7 (Extremely Severe)","Real","7 (Extremely Severe)","Real","7 (Extremely Severe)","Real","7 (Extremely Severe)","Real","7 (Extremely Severe)","Real","3 (Mild)","Not Real","5 (Severe)","Real","Male","","18 - 25 years old","Yes","No","No","No","No","No"
"59","1980-01-01 00:00:00","6","en","696106878","","Yes","No","Yes","Yes","No","10 to 20 hours","No","No","No","No","Yes","No","Active Participant (Posting, Organizing Events, Moderating Communities, ...)","Yes","Somewhat, I identify as a gamer in certain contexts.","","5 (Severe)","5 (Severe)","6 (Very Severe)","7 (Extremely Severe)","5 (Severe)","6 (Very Severe)","7 (Extremely Severe)","5 (Severe)","Disagree","Strongly agree","Agree","Disagree","Agree","Never","Often","Often","Often","Always","Always","Rarely","Rarely","Strongly disagree","Agree","Neutral","Neutral","Disagree","Agree","Disagree","","4 (Moderate)","Real","5 (Severe)","Real","6 (Very Severe)","Real","6 (Very Severe)","Real","7 (Extremely Severe)","Real","6 (Very Severe)","Real","5 (Severe)","Real","7 (Extremely Severe)","Real","5 (Severe)","Real","7 (Extremely Severe)","Real","7 (Extremely Severe)","Real","6 (Very Severe)","Real","5 (Severe)","Real","5 (Severe)","Real","Male","","25 - 35 years old","Yes","No","No","No","No","No"
"60","1980-01-01 00:00:00","6","en","1240141979","","Yes","No","Yes","No","No","10 to 20 hours","No","No","No","No","Yes","No","Passive Participant (Reading posts, Attending Events, ...)","No","Yes, I strongly identify as a gamer.","","6 (Very Severe)","6 (Very Severe)","6 (Very Severe)","6 (Very Severe)","5 (Severe)","4 (Moderate)","6 (Very Severe)","6 (Very Severe)","Strongly agree","Agree","Disagree","Disagree","Agree","Often","Sometimes","Rarely","Rarely","Sometimes","Sometimes","Never","Never","Strongly disagree","Neutral","Agree","Disagree","Disagree","Neutral","Agree","","1 (Not Severe at All)","Real","1 (Not Severe at All)","Real","3 (Mild)","Real","6 (Very Severe)","Real","5 (Severe)","Real","","","4 (Moderate)","Real","6 (Very Severe)","Real","6 (Very Severe)","Real","6 (Very Severe)","Real","7 (Extremely Severe)","Real","6 (Very Severe)","Real","5 (Severe)","Real","6 (Very Severe)","Real","Male","","18 - 25 years old","Yes","No","No","No","No","No"
"61","1980-01-01 00:00:00","6","en","1076859590","","Yes","No","Yes","No","No","10 to 20 hours","No","No","No","No","Yes","No","Active Participant (Posting, Organizing Events, Moderating Communities, ...)","No","Yes, I strongly identify as a gamer.","","6 (Very Severe)","6 (Very Severe)","7 (Extremely Severe)","6 (Very Severe)","4 (Moderate)","5 (Severe)","6 (Very Severe)","5 (Severe)","Strongly agree","Neutral","Disagree","Neutral","Strongly disagree","Sometimes","Sometimes","Sometimes","Sometimes","Sometimes","Sometimes","Sometimes","Sometimes","Strongly disagree","Agree","Agree","Agree","Strongly disagree","Agree","Disagree","","2 (Very Mild)","Real","4 (Moderate)","Real","5 (Severe)","Not Real","2 (Very Mild)","Real","3 (Mild)","Not Real","4 (Moderate)","","5 (Severe)","Real","6 (Very Severe)","Not Real","5 (Severe)","Not Real","7 (Extremely Severe)","Real","7 (Extremely Severe)","Real","6 (Very Severe)","Real","","Not Real","5 (Severe)","Real","Male","","18 - 25 years old","Yes","No","No","No","No","No"
"62","1980-01-01 00:00:00","6","en","789573713","","Yes","No","Yes","No","No","10 to 20 hours","Yes","No","No","No","No","No","Not involved (""just"" playing)","No","Somewhat, I identify as a gamer in certain contexts.","","1 (Not Severe at All)","1 (Not Severe at All)","4 (Moderate)","4 (Moderate)","1 (Not Severe at All)","1 (Not Severe at All)","3 (Mild)","1 (Not Severe at All)","Neutral","Agree","Disagree","Agree","Disagree","Always","Always","Often","Often","Often","Often","Rarely","Rarely","Neutral","Neutral","Agree","Neutral","Neutral","Agree","Disagree","","4 (Moderate)","","4 (Moderate)","","4 (Moderate)","","3 (Mild)","","4 (Moderate)","","4 (Moderate)","","4 (Moderate)","","3 (Mild)","","4 (Moderate)","","4 (Moderate)","","5 (Severe)","","5 (Severe)","","5 (Severe)","","4 (Moderate)","","Male","","Over 35 years old","Yes","No","No","No","No","No"
"64","1980-01-01 00:00:00","6","en","289392650","","Yes","No","Yes","No","No","More than 20 hours","No","No","No","No","Yes","Yes","Passive Participant (Reading posts, Attending Events, ...)","No","Yes, I strongly identify as a gamer.","","3 (Mild)","3 (Mild)","3 (Mild)","5 (Severe)","3 (Mild)","3 (Mild)","5 (Severe)","3 (Mild)","Neutral","Agree","Strongly disagree","Neutral","Agree","Rarely","Often","Often","Often","Always","Always","Rarely","Rarely","Strongly disagree","Disagree","Agree","Disagree","Neutral","Agree","Disagree","","1 (Not Severe at All)","Real","5 (Severe)","Real","4 (Moderate)","Real","3 (Mild)","Real","4 (Moderate)","Not Real","3 (Mild)","Not Real","6 (Very Severe)","Real","5 (Severe)","Not Real","6 (Very Severe)","Not Real","7 (Extremely Severe)","Not Real","7 (Extremely Severe)","Not Real","3 (Mild)","Real","4 (Moderate)","Not Real","5 (Severe)","Real","Male","","18 - 25 years old","Yes","No","No","No","No","No"
"65","1980-01-01 00:00:00","6","en","909342184","","Yes","No","Yes","No","No","10 to 20 hours","No","No","No","Yes","No","No","Active Participant (Posting, Organizing Events, Moderating Communities, ...)","No","Yes, I strongly identify as a gamer.","","7 (Extremely Severe)","7 (Extremely Severe)","7 (Extremely Severe)","7 (Extremely Severe)","7 (Extremely Severe)","7 (Extremely Severe)","7 (Extremely Severe)","7 (Extremely Severe)","Strongly agree","Strongly agree","Agree","Disagree","Agree","Always","Always","Often","Often","Always","Always","Always","Always","Strongly disagree","Neutral","Strongly agree","Strongly disagree","Agree","Agree","Disagree","","4 (Moderate)","Real","5 (Severe)","Real","7 (Extremely Severe)","Real","7 (Extremely Severe)","Real","7 (Extremely Severe)","Real","7 (Extremely Severe)","Real","5 (Severe)","Real","7 (Extremely Severe)","Real","7 (Extremely Severe)","Real","7 (Extremely Severe)","Real","7 (Extremely Severe)","Real","6 (Very Severe)","Real","6 (Very Severe)","Real","5 (Severe)","Real","Male","","25 - 35 years old","Yes","No","No","No","No","No"
"66","1980-01-01 00:00:00","6","en","1650882129","","Yes","No","Yes","No","Yes","10 to 20 hours","No","No","Yes","Yes","No","No","Passive Participant (Reading posts, Attending Events, ...)","No","Somewhat, I identify as a gamer in certain contexts.","","3 (Mild)","2 (Very Mild)","5 (Severe)","5 (Severe)","5 (Severe)","5 (Severe)","7 (Extremely Severe)","5 (Severe)","Disagree","Neutral","Disagree","Disagree","Disagree","Often","Often","Rarely","Often","Sometimes","Sometimes","Never","Never","Strongly disagree","Agree","Disagree","Agree","Strongly disagree","Disagree","Agree","","3 (Mild)","Real","4 (Moderate)","Real","4 (Moderate)","Real","5 (Severe)","Real","5 (Severe)","Real","","Not Real","","Not Real","","Not Real","","Not Real","","Not Real","6 (Very Severe)","Real","3 (Mild)","Real","3 (Mild)","Real","3 (Mild)","Real","Male","","18 - 25 years old","Yes","No","No","No","No","No"
"67","1980-01-01 00:00:00","6","en","1656466446","","Yes","No","Yes","Yes","No","10 to 20 hours","No","No","No","No","No","Yes","Active Participant (Posting, Organizing Events, Moderating Communities, ...)","No","Yes, I strongly identify as a gamer.","","6 (Very Severe)","7 (Extremely Severe)","7 (Extremely Severe)","7 (Extremely Severe)","6 (Very Severe)","7 (Extremely Severe)","7 (Extremely Severe)","5 (Severe)","Strongly agree","Agree","Disagree","Agree","Strongly disagree","Always","Always","Always","Always","Always","Always","Always","Always","Strongly disagree","Strongly disagree","Strongly agree","Disagree","Disagree","Strongly agree","Strongly disagree","","2 (Very Mild)","Real","3 (Mild)","Real","7 (Extremely Severe)","Real","7 (Extremely Severe)","Real","7 (Extremely Severe)","Real","4 (Moderate)","Real","7 (Extremely Severe)","Real","7 (Extremely Severe)","Real","7 (Extremely Severe)","Real","7 (Extremely Severe)","Real","7 (Extremely Severe)","Real","7 (Extremely Severe)","Real","3 (Mild)","Real","7 (Extremely Severe)","Real","Male","","25 - 35 years old","Yes","No","No","No","No","No"
"68","1980-01-01 00:00:00","6","en","1227398390","","Yes","Yes","No","No","No","","No","No","No","No","No","No","","","","","","","","","","","","","","","","","","","","","","","","","","","","","","","","","","2 (Very Mild)","Real","","","3 (Mild)","Real","7 (Extremely Severe)","Not Real","","","","","4 (Moderate)","Not Real","4 (Moderate)","Not Real","7 (Extremely Severe)","Not Real","","","7 (Extremely Severe)","Not Real","","","4 (Moderate)","Not Real","3 (Mild)","Not Real","Female","","18 - 25 years old","No","No","No","Yes","No","No"
"69","1980-01-01 00:00:00","6","en","419852431","","Yes","No","Yes","No","No","10 to 20 hours","No","No","No","No","No","Yes","Passive Participant (Reading posts, Attending Events, ...)","No","Yes, I strongly identify as a gamer.","","5 (Severe)","5 (Severe)","3 (Mild)","5 (Severe)","4 (Moderate)","4 (Moderate)","6 (Very Severe)","4 (Moderate)","Agree","Neutral","Strongly disagree","Agree","Strongly disagree","Rarely","Rarely","Never","Never","Rarely","Rarely","Never","Never","Disagree","Neutral","Neutral","Neutral","Disagree","Neutral","Agree","","4 (Moderate)","Real","3 (Mild)","Real","5 (Severe)","Real","6 (Very Severe)","Real","5 (Severe)","Real","4 (Moderate)","Real","4 (Moderate)","Real","5 (Severe)","Real","4 (Moderate)","Real","6 (Very Severe)","Real","7 (Extremely Severe)","Real","4 (Moderate)","Real","3 (Mild)","Real","2 (Very Mild)","Real","Male","","18 - 25 years old","Yes","No","No","Yes","No","No"
"70","1980-01-01 00:00:00","6","en","289192900","","Yes","No","Yes","No","No","10 to 20 hours","No","No","No","Yes","No","No","Not involved (""just"" playing)","No","Yes, I strongly identify as a gamer.","","7 (Extremely Severe)","7 (Extremely Severe)","7 (Extremely Severe)","7 (Extremely Severe)","6 (Very Severe)","4 (Moderate)","7 (Extremely Severe)","2 (Very Mild)","Agree","Neutral","Strongly disagree","Disagree","Strongly disagree","Always","Always","Rarely","Rarely","Always","Always","Rarely","Rarely","Neutral","Agree","Agree","Strongly agree","Disagree","Agree","Neutral","","5 (Severe)","Real","2 (Very Mild)","Real","7 (Extremely Severe)","Real","4 (Moderate)","Real","3 (Mild)","Real","5 (Severe)","Real","5 (Severe)","Real","7 (Extremely Severe)","Real","4 (Moderate)","Real","7 (Extremely Severe)","Real","7 (Extremely Severe)","Real","2 (Very Mild)","Real","6 (Very Severe)","Real","6 (Very Severe)","Real","Male","","25 - 35 years old","Yes","No","No","No","No","No"
"71","1980-01-01 00:00:00","6","en","153628039","","Yes","No","Yes","No","No","More than 20 hours","Yes","No","Yes","No","Yes","No","Passive Participant (Reading posts, Attending Events, ...)","No","Yes, I strongly identify as a gamer.","","6 (Very Severe)","3 (Mild)","7 (Extremely Severe)","5 (Severe)","6 (Very Severe)","5 (Severe)","3 (Mild)","4 (Moderate)","Strongly agree","Agree","Neutral","Neutral","Agree","Always","Always","Never","Often","Often","Often","Never","Never","Strongly disagree","Strongly agree","Neutral","Neutral","Disagree","Agree","Strongly agree","","1 (Not Severe at All)","Real","1 (Not Severe at All)","Real","3 (Mild)","Real","6 (Very Severe)","Real","2 (Very Mild)","Real","1 (Not Severe at All)","Not Real","4 (Moderate)","Real","5 (Severe)","Real","5 (Severe)","Real","7 (Extremely Severe)","Real","7 (Extremely Severe)","Real","6 (Very Severe)","Real","2 (Very Mild)","Real","3 (Mild)","Real","Male","","18 - 25 years old","Yes","No","No","No","No","No"
"72","1980-01-01 00:00:00","6","en","936689441","","Yes","No","Yes","No","No","More than 20 hours","No","No","No","Yes","Yes","No","Passive Participant (Reading posts, Attending Events, ...)","No","Yes, I strongly identify as a gamer.","","5 (Severe)","4 (Moderate)","7 (Extremely Severe)","6 (Very Severe)","7 (Extremely Severe)","7 (Extremely Severe)","3 (Mild)","6 (Very Severe)","Strongly agree","Strongly agree","Agree","Disagree","Agree","Often","Sometimes","Rarely","Rarely","Often","Often","Rarely","Rarely","Strongly disagree","Disagree","Agree","Disagree","Strongly disagree","Agree","Disagree","","4 (Moderate)","Real","2 (Very Mild)","Real","5 (Severe)","Real","7 (Extremely Severe)","Real","5 (Severe)","Real","1 (Not Severe at All)","Not Real","3 (Mild)","Real","6 (Very Severe)","Real","5 (Severe)","Real","7 (Extremely Severe)","Real","7 (Extremely Severe)","Real","3 (Mild)","Real","4 (Moderate)","Real","5 (Severe)","Real","Non-binary","","18 - 25 years old","Yes","No","No","No","No","No"
"73","1980-01-01 00:00:00","6","en","1665306288","","Yes","Yes","No","No","No","","No","No","No","No","No","No","","","","","","","","","","","","","","","","","","","","","","","","","","","","","","","","","","2 (Very Mild)","Real","","","6 (Very Severe)","Real","5 (Severe)","Real","4 (Moderate)","Real","4 (Moderate)","Real","","","7 (Extremely Severe)","Real","4 (Moderate)","Real","7 (Extremely Severe)","Real","7 (Extremely Severe)","Real","5 (Severe)","Real","3 (Mild)","Real","5 (Severe)","Real","Non-binary","","25 - 35 years old","Yes","No","No","No","No","No"
"74","1980-01-01 00:00:00","6","en","2026758218","","Yes","No","Yes","No","No","5 to 10 hours","No","No","No","No","No","Yes","Passive Participant (Reading posts, Attending Events, ...)","No","Somewhat, I identify as a gamer in certain contexts.","","6 (Very Severe)","6 (Very Severe)","7 (Extremely Severe)","7 (Extremely Severe)","5 (Severe)","7 (Extremely Severe)","7 (Extremely Severe)","5 (Severe)","Agree","Strongly agree","Neutral","Disagree","Neutral","Often","Often","Rarely","Rarely","Always","Often","Rarely","Rarely","Strongly disagree","Neutral","Agree","Strongly disagree","Agree","Neutral","Disagree","","2 (Very Mild)","Real","6 (Very Severe)","Real","6 (Very Severe)","Not Real","6 (Very Severe)","Real","7 (Extremely Severe)","Real","5 (Severe)","Not Real","6 (Very Severe)","Real","7 (Extremely Severe)","Not Real","7 (Extremely Severe)","Real","7 (Extremely Severe)","Real","7 (Extremely Severe)","Real","7 (Extremely Severe)","Real","3 (Mild)","Real","5 (Severe)","Real","Male","","18 - 25 years old","Yes","No","No","No","No","No"
"75","1980-01-01 00:00:00","6","en","2017323998","","Yes","No","Yes","No","Yes","Less than 5 hours","No","No","No","Yes","No","No","Active Participant (Posting, Organizing Events, Moderating Communities, ...)","No","Somewhat, I identify as a gamer in certain contexts.","","6 (Very Severe)","6 (Very Severe)","5 (Severe)","5 (Severe)","4 (Moderate)","3 (Mild)","7 (Extremely Severe)","4 (Moderate)","Agree","Disagree","Neutral","Neutral","Disagree","Always","Always","Never","Never","Sometimes","Sometimes","Never","Never","Neutral","Agree","Agree","Neutral","Strongly disagree","Neutral","Agree","","3 (Mild)","Real","","Real","4 (Moderate)","Real","6 (Very Severe)","Real","3 (Mild)","Real","4 (Moderate)","Real","4 (Moderate)","Real","6 (Very Severe)","Not Real","4 (Moderate)","Real","6 (Very Severe)","Real","7 (Extremely Severe)","Real","4 (Moderate)","Real","2 (Very Mild)","Real","3 (Mild)","Real","Male","","25 - 35 years old","Yes","No","No","No","No","No"
"77","1980-01-01 00:00:00","6","en","1197104083","","Yes","No","Yes","No","No","More than 20 hours","No","No","No","Yes","No","No","Not involved (""just"" playing)","No","Yes, I strongly identify as a gamer.","","7 (Extremely Severe)","7 (Extremely Severe)","7 (Extremely Severe)","7 (Extremely Severe)","6 (Very Severe)","7 (Extremely Severe)","7 (Extremely Severe)","5 (Severe)","Neutral","Strongly agree","Disagree","Disagree","Agree","Always","Always","Rarely","Often","Always","Always","Rarely","Rarely","Strongly disagree","Neutral","Neutral","Agree","Disagree","Neutral","Strongly agree","","4 (Moderate)","Real","3 (Mild)","Real","5 (Severe)","Real","6 (Very Severe)","Not Real","5 (Severe)","Real","5 (Severe)","Not Real","5 (Severe)","Real","6 (Very Severe)","Real","5 (Severe)","Real","7 (Extremely Severe)","Real","7 (Extremely Severe)","Real","5 (Severe)","Real","4 (Moderate)","Real","4 (Moderate)","Real","Male","","18 - 25 years old","Yes","No","No","No","No","No"
"78","1980-01-01 00:00:00","6","en","819476414","","Yes","No","Yes","No","No","More than 20 hours","No","No","No","Yes","No","No","Not involved (""just"" playing)","No","Yes, I strongly identify as a gamer.","","7 (Extremely Severe)","7 (Extremely Severe)","5 (Severe)","6 (Very Severe)","5 (Severe)","5 (Severe)","6 (Very Severe)","7 (Extremely Severe)","Disagree","Disagree","Strongly disagree","Disagree","Strongly agree","Never","Never","Rarely","Rarely","Always","Always","Sometimes","Sometimes","Strongly disagree","Agree","Disagree","Agree","Disagree","Neutral","Strongly agree","","5 (Severe)","Real","","Real","5 (Severe)","Real","6 (Very Severe)","Real","6 (Very Severe)","Real","5 (Severe)","Real","5 (Severe)","Real","6 (Very Severe)","Real","5 (Severe)","Real","6 (Very Severe)","Real","7 (Extremely Severe)","Real","5 (Severe)","Real","5 (Severe)","Real","5 (Severe)","Real","Male","","18 - 25 years old","Yes","No","No","No","No","No"
"80","1980-01-01 00:00:00","6","en","767595426","","Yes","No","Yes","No","No","More than 20 hours","No","No","No","No","Yes","No","Not involved (""just"" playing)","No","Somewhat, I identify as a gamer in certain contexts.","","6 (Very Severe)","6 (Very Severe)","6 (Very Severe)","6 (Very Severe)","6 (Very Severe)","6 (Very Severe)","5 (Severe)","5 (Severe)","Disagree","Strongly agree","Strongly agree","Disagree","Neutral","Always","Always","Often","Often","Often","Often","Sometimes","Sometimes","Strongly disagree","Disagree","Strongly agree","Neutral","Agree","Agree","Neutral","","6 (Very Severe)","","6 (Very Severe)","","6 (Very Severe)","","4 (Moderate)","","3 (Mild)","","3 (Mild)","","6 (Very Severe)","","3 (Mild)","","5 (Severe)","","5 (Severe)","","5 (Severe)","","7 (Extremely Severe)","","6 (Very Severe)","","6 (Very Severe)","","Female","","18 - 25 years old","No","No","No","Yes","No","No"
"82","1980-01-01 00:00:00","6","en","1214696494","","Yes","No","Yes","No","No","10 to 20 hours","No","No","No","No","No","Yes","Passive Participant (Reading posts, Attending Events, ...)","No","Yes, I strongly identify as a gamer.","","3 (Mild)","1 (Not Severe at All)","2 (Very Mild)","1 (Not Severe at All)","2 (Very Mild)","1 (Not Severe at All)","3 (Mild)","1 (Not Severe at All)","Strongly agree","Strongly disagree","Strongly disagree","Neutral","Strongly disagree","Never","Sometimes","Often","Often","Often","Often","Rarely","Rarely","Agree","Neutral","Strongly disagree","Strongly agree","Strongly disagree","Strongly disagree","Agree","","1 (Not Severe at All)","Real","1 (Not Severe at All)","Real","1 (Not Severe at All)","Not Real","2 (Very Mild)","Real","4 (Moderate)","Real","1 (Not Severe at All)","Not Real","3 (Mild)","Real","4 (Moderate)","Not Real","3 (Mild)","Real","4 (Moderate)","Real","7 (Extremely Severe)","Real","4 (Moderate)","Real","2 (Very Mild)","Real","2 (Very Mild)","Real","Genderfluid","","25 - 35 years old","Yes","No","No","No","No","No"
"83","1980-01-01 00:00:00","6","en","1459177450","","Yes","No","Yes","No","No","10 to 20 hours","No","No","No","Yes","Yes","No","Passive Participant (Reading posts, Attending Events, ...)","No","Yes, I strongly identify as a gamer.","","3 (Mild)","2 (Very Mild)","5 (Severe)","5 (Severe)","4 (Moderate)","6 (Very Severe)","3 (Mild)","4 (Moderate)","Strongly agree","Neutral","Strongly disagree","Agree","Disagree","Always","Always","Often","Often","Often","Often","Sometimes","Sometimes","Disagree","Disagree","Neutral","Neutral","Strongly disagree","Neutral","Disagree","","1 (Not Severe at All)","","5 (Severe)","","2 (Very Mild)","","4 (Moderate)","","3 (Mild)","","","","2 (Very Mild)","","7 (Extremely Severe)","","4 (Moderate)","","7 (Extremely Severe)","","7 (Extremely Severe)","","4 (Moderate)","","1 (Not Severe at All)","","2 (Very Mild)","","Male","","18 - 25 years old","Yes","No","No","No","No","No"
"85","1980-01-01 00:00:00","6","en","1751644258","","Yes","No","Yes","Yes","No","Less than 5 hours","No","No","No","Yes","No","No","Not involved (""just"" playing)","No","No, I don't identify as a gamer, even though I play games.","","3 (Mild)","4 (Moderate)","6 (Very Severe)","6 (Very Severe)","4 (Moderate)","5 (Severe)","5 (Severe)","3 (Mild)","Disagree","Neutral","Neutral","Neutral","Disagree","Always","Always","Often","Often","Often","Often","Often","Often","Disagree","Agree","Neutral","Neutral","Disagree","Disagree","Agree","","3 (Mild)","","3 (Mild)","","4 (Moderate)","","5 (Severe)","","5 (Severe)","","","","5 (Severe)","","6 (Very Severe)","","4 (Moderate)","","7 (Extremely Severe)","","7 (Extremely Severe)","","3 (Mild)","","2 (Very Mild)","","3 (Mild)","","Male","","25 - 35 years old","Yes","No","No","No","No","No"
"87","1980-01-01 00:00:00","6","en","424510194","","Yes","No","Yes","No","No","More than 20 hours","Yes","No","No","Yes","No","No","Active Participant (Posting, Organizing Events, Moderating Communities, ...)","No","Yes, I strongly identify as a gamer.","","6 (Very Severe)","6 (Very Severe)","3 (Mild)","4 (Moderate)","5 (Severe)","4 (Moderate)","5 (Severe)","2 (Very Mild)","Strongly agree","Neutral","Disagree","Neutral","Agree","Often","Often","Never","Never","Always","Always","Never","Never","Disagree","Neutral","Disagree","Neutral","Strongly disagree","Agree","Disagree","","1 (Not Severe at All)","Real","4 (Moderate)","Real","3 (Mild)","Not Real","5 (Severe)","Real","4 (Moderate)","Not Real","3 (Mild)","Not Real","3 (Mild)","Real","5 (Severe)","Not Real","4 (Moderate)","Real","6 (Very Severe)","Real","7 (Extremely Severe)","Real","4 (Moderate)","Real","5 (Severe)","Real","4 (Moderate)","Real","Female","","18 - 25 years old","Yes","No","No","No","No","No"
"88","1980-01-01 00:00:00","6","en","481677615","","Yes","No","Yes","No","No","More than 20 hours","No","No","No","Yes","No","No","Passive Participant (Reading posts, Attending Events, ...)","No","Yes, I strongly identify as a gamer.","","3 (Mild)","2 (Very Mild)","3 (Mild)","4 (Moderate)","3 (Mild)","5 (Severe)","1 (Not Severe at All)","4 (Moderate)","Disagree","Strongly agree","Disagree","Disagree","Strongly agree","Always","Always","Rarely","Rarely","Rarely","Sometimes","Rarely","Rarely","Strongly disagree","Neutral","Disagree","Disagree","Strongly disagree","Agree","Disagree","","3 (Mild)","","5 (Severe)","","5 (Severe)","","5 (Severe)","","4 (Moderate)","","3 (Mild)","","5 (Severe)","","4 (Moderate)","","3 (Mild)","","6 (Very Severe)","","7 (Extremely Severe)","","3 (Mild)","","3 (Mild)","","3 (Mild)","","Male","","25 - 35 years old","Yes","No","No","No","No","No"
"89","1980-01-01 00:00:00","6","en","1203859350","","Yes","No","Yes","No","No","10 to 20 hours","No","No","No","Yes","No","No","Passive Participant (Reading posts, Attending Events, ...)","No","Somewhat, I identify as a gamer in certain contexts.","","6 (Very Severe)","7 (Extremely Severe)","6 (Very Severe)","7 (Extremely Severe)","6 (Very Severe)","7 (Extremely Severe)","7 (Extremely Severe)","5 (Severe)","Agree","Disagree","Disagree","Neutral","Disagree","Always","Always","Rarely","Rarely","Often","Often","Never","Never","Neutral","Neutral","Neutral","Neutral","Neutral","Agree","Disagree","","1 (Not Severe at All)","Real","3 (Mild)","Real","6 (Very Severe)","Real","6 (Very Severe)","Real","3 (Mild)","Not Real","3 (Mild)","Real","6 (Very Severe)","Real","5 (Severe)","Real","5 (Severe)","Real","7 (Extremely Severe)","Real","7 (Extremely Severe)","Real","6 (Very Severe)","Real","5 (Severe)","Real","5 (Severe)","Real","Male","","25 - 35 years old","Yes","No","No","No","No","No"
"90","1980-01-01 00:00:00","6","en","1868846785","","Yes","No","Yes","No","No","5 to 10 hours","No","Yes","No","No","No","No","Passive Participant (Reading posts, Attending Events, ...)","No","Somewhat, I identify as a gamer in certain contexts.","","2 (Very Mild)","1 (Not Severe at All)","3 (Mild)","4 (Moderate)","5 (Severe)","4 (Moderate)","1 (Not Severe at All)","2 (Very Mild)","Agree","Agree","Neutral","Disagree","Agree","Always","Always","Never","Never","Always","Always","Rarely","Never","Strongly disagree","Neutral","Agree","Strongly disagree","Agree","Agree","Neutral","","3 (Mild)","Real","4 (Moderate)","Real","5 (Severe)","Real","5 (Severe)","Real","5 (Severe)","Real","5 (Severe)","Real","6 (Very Severe)","Real","5 (Severe)","Real","3 (Mild)","Real","5 (Severe)","Real","6 (Very Severe)","Real","5 (Severe)","Real","6 (Very Severe)","Real","6 (Very Severe)","Real","Male","","25 - 35 years old","Yes","No","No","No","No","No"
"93","1980-01-01 00:00:00","6","en","1316845000","","Yes","No","Yes","No","No","10 to 20 hours","No","Yes","No","No","No","No","Active Participant (Posting, Organizing Events, Moderating Communities, ...)","No","Yes, I strongly identify as a gamer.","","6 (Very Severe)","6 (Very Severe)","4 (Moderate)","6 (Very Severe)","5 (Severe)","4 (Moderate)","7 (Extremely Severe)","4 (Moderate)","Agree","Agree","Disagree","Neutral","Agree","Always","Often","Never","Never","Often","Sometimes","Never","Never","Strongly disagree","Neutral","Agree","Disagree","Neutral","Agree","Disagree","","1 (Not Severe at All)","Not Real","2 (Very Mild)","Real","5 (Severe)","Real","5 (Severe)","Real","4 (Moderate)","Real","1 (Not Severe at All)","Not Real","3 (Mild)","Real","4 (Moderate)","Not Real","4 (Moderate)","Real","7 (Extremely Severe)","Real","7 (Extremely Severe)","Real","5 (Severe)","Real","4 (Moderate)","Real","4 (Moderate)","Real","Male","","25 - 35 years old","Yes","No","No","No","No","No"
"94","1980-01-01 00:00:00","6","en","1651915285","","Yes","Yes","No","No","No","","No","No","No","No","No","No","","","","","","","","","","","","","","","","","","","","","","","","","","","","","","","","","","7 (Extremely Severe)","Real","7 (Extremely Severe)","Real","7 (Extremely Severe)","Real","7 (Extremely Severe)","Real","7 (Extremely Severe)","Real","5 (Severe)","Real","7 (Extremely Severe)","Real","3 (Mild)","Real","7 (Extremely Severe)","Real","7 (Extremely Severe)","Real","7 (Extremely Severe)","Real","7 (Extremely Severe)","Real","7 (Extremely Severe)","Real","7 (Extremely Severe)","Real","Female","","25 - 35 years old","Yes","No","No","No","No","No"
"95","1980-01-01 00:00:00","6","en","33647902","","Yes","No","Yes","No","No","5 to 10 hours","No","No","No","Yes","No","No","Not involved (""just"" playing)","No","Yes, I strongly identify as a gamer.","","6 (Very Severe)","5 (Severe)","7 (Extremely Severe)","5 (Severe)","4 (Moderate)","5 (Severe)","6 (Very Severe)","6 (Very Severe)","Disagree","Agree","Disagree","Agree","Disagree","Always","Often","Always","Often","Always","Always","Always","Rarely","Strongly disagree","Neutral","Neutral","Agree","Disagree","Disagree","Agree","","3 (Mild)","Real","6 (Very Severe)","Real","5 (Severe)","Real","6 (Very Severe)","Real","5 (Severe)","Not Real","","","5 (Severe)","Real","7 (Extremely Severe)","Not Real","5 (Severe)","Not Real","7 (Extremely Severe)","Real","7 (Extremely Severe)","Real","6 (Very Severe)","Real","3 (Mild)","Real","6 (Very Severe)","","Male","","18 - 25 years old","Yes","No","No","No","No","No"
"96","1980-01-01 00:00:00","6","en","1767810105","","Yes","No","Yes","No","No","10 to 20 hours","No","No","No","No","No","Yes","Passive Participant (Reading posts, Attending Events, ...)","No","Somewhat, I identify as a gamer in certain contexts.","","7 (Extremely Severe)","5 (Severe)","5 (Severe)","6 (Very Severe)","4 (Moderate)","6 (Very Severe)","7 (Extremely Severe)","3 (Mild)","Neutral","Disagree","Strongly disagree","Agree","Strongly disagree","Never","Rarely","Often","Often","Always","Always","Rarely","Rarely","Disagree","Agree","Neutral","Neutral","Strongly disagree","Disagree","Agree","","1 (Not Severe at All)","Real","5 (Severe)","Real","7 (Extremely Severe)","Not Real","6 (Very Severe)","Real","5 (Severe)","Real","3 (Mild)","Real","3 (Mild)","Not Real","6 (Very Severe)","Not Real","4 (Moderate)","Real","7 (Extremely Severe)","Real","7 (Extremely Severe)","Real","4 (Moderate)","Real","4 (Moderate)","","6 (Very Severe)","Real","Male","","18 - 25 years old","Yes","No","No","No","No","No"
"98","1980-01-01 00:00:00","6","en","218712608","","Yes","No","Yes","No","No","Less than 5 hours","No","No","No","No","No","Yes","Not involved (""just"" playing)","No","Somewhat, I identify as a gamer in certain contexts.","","6 (Very Severe)","6 (Very Severe)","7 (Extremely Severe)","7 (Extremely Severe)","3 (Mild)","3 (Mild)","6 (Very Severe)","5 (Severe)","Agree","Neutral","Strongly disagree","Agree","Disagree","Often","Often","Rarely","Rarely","Often","Often","Never","Never","Strongly disagree","Agree","Neutral","Neutral","Disagree","Agree","Neutral","","1 (Not Severe at All)","Real","1 (Not Severe at All)","Real","5 (Severe)","Real","5 (Severe)","Real","2 (Very Mild)","Real","3 (Mild)","Not Real","4 (Moderate)","Real","5 (Severe)","Real","2 (Very Mild)","Real","6 (Very Severe)","Real","7 (Extremely Severe)","Real","4 (Moderate)","Real","2 (Very Mild)","Real","3 (Mild)","Real","Female","","25 - 35 years old","Yes","No","No","No","No","No"
"99","1980-01-01 00:00:00","6","en","1801191107","","Yes","No","Yes","No","No","More than 20 hours","Yes","No","No","No","No","No","Active Participant (Posting, Organizing Events, Moderating Communities, ...)","No","Yes, I strongly identify as a gamer.","","6 (Very Severe)","6 (Very Severe)","3 (Mild)","5 (Severe)","2 (Very Mild)","6 (Very Severe)","6 (Very Severe)","4 (Moderate)","Strongly agree","Neutral","Strongly disagree","Agree","Agree","Never","Rarely","Rarely","Rarely","Often","Often","Never","Never","Strongly disagree","Agree","Neutral","Neutral","Disagree","Neutral","Agree","","3 (Mild)","Real","3 (Mild)","Real","5 (Severe)","Real","5 (Severe)","Real","3 (Mild)","Real","6 (Very Severe)","Real","4 (Moderate)","Real","6 (Very Severe)","Not Real","4 (Moderate)","Real","5 (Severe)","Not Real","7 (Extremely Severe)","Real","4 (Moderate)","Real","5 (Severe)","Real","4 (Moderate)","Real","Male","","25 - 35 years old","Yes","No","No","No","No","No"
"101","1980-01-01 00:00:00","6","en","58294043","","Yes","No","Yes","No","No","Less than 5 hours","No","No","No","No","Yes","No","Not involved (""just"" playing)","No","Somewhat, I identify as a gamer in certain contexts.","","5 (Severe)","5 (Severe)","7 (Extremely Severe)","7 (Extremely Severe)","6 (Very Severe)","6 (Very Severe)","4 (Moderate)","7 (Extremely Severe)","Agree","Neutral","Agree","Neutral","Agree","Sometimes","Sometimes","Often","Rarely","Always","Rarely","Often","Rarely","Disagree","Neutral","Neutral","Neutral","Agree","Strongly disagree","Strongly agree","","3 (Mild)","Real","5 (Severe)","Real","5 (Severe)","Real","5 (Severe)","Real","3 (Mild)","Real","1 (Not Severe at All)","Not Real","6 (Very Severe)","Real","2 (Very Mild)","Not Real","1 (Not Severe at All)","Real","7 (Extremely Severe)","Real","7 (Extremely Severe)","Real","6 (Very Severe)","Real","3 (Mild)","Real","3 (Mild)","Real","Female","","18 - 25 years old","Yes","No","No","No","No","No"
"102","1980-01-01 00:00:00","6","en","1060556921","","Yes","No","No","Yes","No","10 to 20 hours","No","No","Yes","No","No","No","Active Participant (Posting, Organizing Events, Moderating Communities, ...)","Yes","Yes, I strongly identify as a gamer.","","1 (Not Severe at All)","1 (Not Severe at All)","1 (Not Severe at All)","1 (Not Severe at All)","1 (Not Severe at All)","1 (Not Severe at All)","1 (Not Severe at All)","1 (Not Severe at All)","Strongly disagree","Strongly disagree","Strongly disagree","Strongly disagree","Strongly disagree","Never","Never","Never","Never","Never","Never","Never","Never","Strongly disagree","Strongly disagree","Strongly disagree","Strongly disagree","Strongly disagree","Strongly disagree","Strongly disagree","","","","","","","","","","","","","","","","","","","","","","","","","","","","","","","","","No","No","No","No","No","No"
"104","1980-01-01 00:00:00","6","en","860088085","","Yes","No","Yes","No","No","5 to 10 hours","No","No","No","No","No","Yes","Passive Participant (Reading posts, Attending Events, ...)","Yes","No, I don't identify as a gamer, even though I play games.","","6 (Very Severe)","6 (Very Severe)","7 (Extremely Severe)","7 (Extremely Severe)","5 (Severe)","4 (Moderate)","7 (Extremely Severe)","6 (Very Severe)","Disagree","Strongly agree","Strongly disagree","Neutral","Strongly agree","Rarely","Often","Never","Never","Rarely","Never","Never","Never","Strongly disagree","Neutral","Agree","Disagree","Strongly disagree","Agree","Disagree","","1 (Not Severe at All)","Real","2 (Very Mild)","Real","5 (Severe)","Real","7 (Extremely Severe)","Real","4 (Moderate)","Real","2 (Very Mild)","Real","3 (Mild)","Real","4 (Moderate)","Not Real","6 (Very Severe)","Real","7 (Extremely Severe)","Real","7 (Extremely Severe)","Real","5 (Severe)","Real","5 (Severe)","Real","5 (Severe)","Real","Male","","18 - 25 years old","Yes","No","No","No","No","No"
"105","1980-01-01 00:00:00","6","en","691621153","","Yes","No","Yes","No","No","5 to 10 hours","No","No","No","No","No","Yes","Passive Participant (Reading posts, Attending Events, ...)","No","Yes, I strongly identify as a gamer.","","1 (Not Severe at All)","1 (Not Severe at All)","2 (Very Mild)","1 (Not Severe at All)","3 (Mild)","6 (Very Severe)","1 (Not Severe at All)","1 (Not Severe at All)","Agree","Neutral","Strongly disagree","Strongly agree","Disagree","Always","Always","Never","Never","Rarely","Rarely","Never","Never","Strongly disagree","Disagree","Neutral","Neutral","Strongly disagree","Strongly agree","Strongly disagree","","1 (Not Severe at All)","Real","3 (Mild)","Real","4 (Moderate)","Real","7 (Extremely Severe)","Real","5 (Severe)","Real","6 (Very Severe)","Not Real","6 (Very Severe)","Real","7 (Extremely Severe)","Not Real","7 (Extremely Severe)","Not Real","7 (Extremely Severe)","Real","7 (Extremely Severe)","Not Real","5 (Severe)","Real","5 (Severe)","Real","7 (Extremely Severe)","Real","Female","","25 - 35 years old","Yes","No","No","No","No","No"
"106","1980-01-01 00:00:00","6","en","659607114","","Yes","No","Yes","No","No","More than 20 hours","No","No","No","No","No","Yes","Passive Participant (Reading posts, Attending Events, ...)","No","Yes, I strongly identify as a gamer.","","2 (Very Mild)","1 (Not Severe at All)","3 (Mild)","2 (Very Mild)","2 (Very Mild)","5 (Severe)","3 (Mild)","3 (Mild)","Agree","Neutral","Disagree","Agree","Neutral","Never","Rarely","Often","Sometimes","Sometimes","Sometimes","Often","Often","Disagree","Neutral","Agree","Neutral","Disagree","Neutral","Disagree","","7 (Extremely Severe)","","5 (Severe)","","5 (Severe)","","7 (Extremely Severe)","","2 (Very Mild)","","4 (Moderate)","","4 (Moderate)","","4 (Moderate)","","3 (Mild)","","5 (Severe)","","6 (Very Severe)","","4 (Moderate)","","4 (Moderate)","","4 (Moderate)","","Female","","25 - 35 years old","Yes","No","No","No","No","No"
"107","1980-01-01 00:00:00","6","en","1393483191","","Yes","No","Yes","No","No","More than 20 hours","No","No","No","No","No","Yes","Not involved (""just"" playing)","No","Yes, I strongly identify as a gamer.","","3 (Mild)","3 (Mild)","4 (Moderate)","5 (Severe)","3 (Mild)","5 (Severe)","3 (Mild)","3 (Mild)","Neutral","Neutral","Neutral","Agree","Strongly agree","Never","Never","Never","Never","Rarely","Never","Never","Never","Strongly disagree","Agree","Agree","Neutral","Neutral","Agree","Neutral","","4 (Moderate)","Real","4 (Moderate)","","4 (Moderate)","","7 (Extremely Severe)","","5 (Severe)","","","","5 (Severe)","","","","6 (Very Severe)","","7 (Extremely Severe)","","7 (Extremely Severe)","","","","4 (Moderate)","","5 (Severe)","","Female","","25 - 35 years old","Yes","No","No","No","No","No"
"108","1980-01-01 00:00:00","6","en","253841404","","Yes","No","Yes","Yes","No","More than 20 hours","No","No","No","No","No","Yes","Passive Participant (Reading posts, Attending Events, ...)","No","Yes, I strongly identify as a gamer.","","7 (Extremely Severe)","4 (Moderate)","6 (Very Severe)","7 (Extremely Severe)","6 (Very Severe)","7 (Extremely Severe)","7 (Extremely Severe)","5 (Severe)","Agree","Neutral","Strongly disagree","Neutral","Strongly disagree","Rarely","Often","Never","Never","Always","Often","Never","Never","Neutral","Agree","Agree","Disagree","Strongly agree","Neutral","Neutral","","1 (Not Severe at All)","Real","2 (Very Mild)","Real","7 (Extremely Severe)","Real","6 (Very Severe)","Real","3 (Mild)","Real","4 (Moderate)","Real","3 (Mild)","Real","4 (Moderate)","Real","7 (Extremely Severe)","Real","7 (Extremely Severe)","Real","7 (Extremely Severe)","Real","4 (Moderate)","Real","4 (Moderate)","Real","1 (Not Severe at All)","Real","Female","","25 - 35 years old","Yes","No","No","No","No","No"
"109","1980-01-01 00:00:00","6","en","1595891088","","Yes","No","Yes","No","No","More than 20 hours","No","No","No","No","No","Yes","Passive Participant (Reading posts, Attending Events, ...)","No","Yes, I strongly identify as a gamer.","","6 (Very Severe)","5 (Severe)","5 (Severe)","7 (Extremely Severe)","4 (Moderate)","6 (Very Severe)","7 (Extremely Severe)","4 (Moderate)","Neutral","Disagree","Strongly disagree","Disagree","Strongly agree","Sometimes","Sometimes","Often","Rarely","Often","Often","Rarely","Rarely","Neutral","Disagree","Agree","Neutral","Disagree","Disagree","Strongly agree","","1 (Not Severe at All)","Not Real","3 (Mild)","Real","6 (Very Severe)","Not Real","4 (Moderate)","Real","4 (Moderate)","Real","3 (Mild)","Not Real","5 (Severe)","Not Real","7 (Extremely Severe)","Not Real","3 (Mild)","Real","7 (Extremely Severe)","Not Real","6 (Very Severe)","Real","4 (Moderate)","Real","4 (Moderate)","Not Real","4 (Moderate)","Real","Male","","25 - 35 years old","Yes","No","No","No","No","No"
"110","1980-01-01 00:00:00","6","en","1388311769","","Yes","No","Yes","Yes","No","More than 20 hours","No","No","No","Yes","No","No","Active Participant (Posting, Organizing Events, Moderating Communities, ...)","No","Yes, I strongly identify as a gamer.","","7 (Extremely Severe)","6 (Very Severe)","7 (Extremely Severe)","7 (Extremely Severe)","5 (Severe)","5 (Severe)","7 (Extremely Severe)","3 (Mild)","Strongly agree","Neutral","Neutral","Agree","Strongly agree","Often","Often","Sometimes","Sometimes","Often","Often","Rarely","Never","Strongly disagree","Agree","Neutral","Neutral","Disagree","Disagree","Neutral","","3 (Mild)","Real","3 (Mild)","Real","","Real","3 (Mild)","Real","","Real","","Not Real","4 (Moderate)","Real","6 (Very Severe)","Not Real","7 (Extremely Severe)","Real","7 (Extremely Severe)","Not Real","","Real","4 (Moderate)","Real","7 (Extremely Severe)","Real","","Real","Male","","25 - 35 years old","Yes","Yes","No","Yes","No","No"
"111","1980-01-01 00:00:00","6","en","876367023","","Yes","No","Yes","No","No","More than 20 hours","No","No","No","No","No","Yes","Passive Participant (Reading posts, Attending Events, ...)","Yes","Yes, I strongly identify as a gamer.","","5 (Severe)","4 (Moderate)","5 (Severe)","6 (Very Severe)","5 (Severe)","6 (Very Severe)","6 (Very Severe)","4 (Moderate)","Agree","Disagree","Strongly disagree","Agree","Neutral","Sometimes","Rarely","Never","Never","Sometimes","Sometimes","Never","Never","Neutral","Neutral","Disagree","Agree","Disagree","Neutral","Agree","","2 (Very Mild)","Real","1 (Not Severe at All)","Real","3 (Mild)","Real","5 (Severe)","Real","3 (Mild)","Not Real","4 (Moderate)","Real","4 (Moderate)","Not Real","5 (Severe)","Not Real","4 (Moderate)","Not Real","6 (Very Severe)","Not Real","7 (Extremely Severe)","Real","4 (Moderate)","Real","4 (Moderate)","Real","2 (Very Mild)","Real","Male","","Over 35 years old","Yes","No","No","No","No","No"
"112","1980-01-01 00:00:00","6","en","413227338","","Yes","No","Yes","No","No","More than 20 hours","No","No","No","No","No","Yes","Not involved (""just"" playing)","No","Yes, I strongly identify as a gamer.","","3 (Mild)","1 (Not Severe at All)","6 (Very Severe)","7 (Extremely Severe)","5 (Severe)","4 (Moderate)","3 (Mild)","3 (Mild)","Agree","Agree","Strongly disagree","Strongly disagree","Agree","Sometimes","Rarely","Always","Sometimes","Sometimes","Sometimes","Always","Sometimes","Neutral","Strongly agree","Neutral","Agree","Disagree","Neutral","Neutral","","2 (Very Mild)","Real","3 (Mild)","Real","4 (Moderate)","Real","5 (Severe)","Real","2 (Very Mild)","Not Real","5 (Severe)","Real","4 (Moderate)","Not Real","5 (Severe)","Not Real","5 (Severe)","Real","6 (Very Severe)","Real","7 (Extremely Severe)","Real","4 (Moderate)","Real","1 (Not Severe at All)","Real","4 (Moderate)","Real","Male","","18 - 25 years old","Yes","No","No","No","No","No"
"113","1980-01-01 00:00:00","6","en","1851063428","","Yes","No","Yes","No","No","10 to 20 hours","No","No","No","No","No","Yes","Active Participant (Posting, Organizing Events, Moderating Communities, ...)","Yes","Somewhat, I identify as a gamer in certain contexts.","","6 (Very Severe)","5 (Severe)","7 (Extremely Severe)","7 (Extremely Severe)","7 (Extremely Severe)","7 (Extremely Severe)","7 (Extremely Severe)","4 (Moderate)","Neutral","Strongly agree","Agree","Strongly disagree","Strongly agree","Often","Often","Sometimes","Sometimes","Always","Always","Sometimes","Sometimes","Strongly disagree","Disagree","Strongly agree","Strongly disagree","Agree","Agree","Strongly disagree","","5 (Severe)","","1 (Not Severe at All)","","7 (Extremely Severe)","","6 (Very Severe)","Real","5 (Severe)","","7 (Extremely Severe)","Real","6 (Very Severe)","","7 (Extremely Severe)","Real","7 (Extremely Severe)","","7 (Extremely Severe)","","7 (Extremely Severe)","","7 (Extremely Severe)","","6 (Very Severe)","","6 (Very Severe)","","Agender","","Over 35 years old","Yes","No","No","Yes","No","No"
"114","1980-01-01 00:00:00","6","en","779082131","","Yes","No","Yes","No","No","5 to 10 hours","No","No","No","No","No","Yes","Passive Participant (Reading posts, Attending Events, ...)","No","Yes, I strongly identify as a gamer.","","2 (Very Mild)","1 (Not Severe at All)","1 (Not Severe at All)","3 (Mild)","5 (Severe)","4 (Moderate)","2 (Very Mild)","2 (Very Mild)","Disagree","Neutral","Agree","Disagree","Strongly agree","Sometimes","Sometimes","Sometimes","Rarely","Sometimes","Never","Sometimes","Sometimes","Strongly disagree","Strongly disagree","Strongly agree","Strongly disagree","Agree","Agree","Strongly disagree","","3 (Mild)","Real","3 (Mild)","Real","5 (Severe)","Real","5 (Severe)","Real","6 (Very Severe)","Real","","","5 (Severe)","Real","5 (Severe)","","6 (Very Severe)","Real","7 (Extremely Severe)","Not Real","7 (Extremely Severe)","Real","7 (Extremely Severe)","Real","5 (Severe)","Real","4 (Moderate)","Not Real","Female","","25 - 35 years old","Yes","No","No","No","No","No"
"115","1980-01-01 00:00:00","6","en","1010534835","","Yes","No","Yes","No","No","5 to 10 hours","No","No","No","No","Yes","No","Passive Participant (Reading posts, Attending Events, ...)","No","Yes, I strongly identify as a gamer.","","5 (Severe)","3 (Mild)","7 (Extremely Severe)","7 (Extremely Severe)","5 (Severe)","5 (Severe)","7 (Extremely Severe)","5 (Severe)","Agree","Strongly agree","Neutral","Neutral","Neutral","Always","Always","Rarely","Rarely","Often","Often","Rarely","Rarely","Strongly disagree","Agree","Agree","Disagree","Disagree","Agree","Neutral","","4 (Moderate)","Real","5 (Severe)","Real","5 (Severe)","Real","7 (Extremely Severe)","Real","6 (Very Severe)","Real","3 (Mild)","Real","6 (Very Severe)","Real","7 (Extremely Severe)","Real","6 (Very Severe)","Real","7 (Extremely Severe)","Real","7 (Extremely Severe)","Real","6 (Very Severe)","Real","5 (Severe)","Real","5 (Severe)","Real","Male","","18 - 25 years old","Yes","No","No","No","No","No"
"116","1980-01-01 00:00:00","6","en","1693699804","","Yes","No","Yes","No","No","Less than 5 hours","No","No","No","No","No","Yes","Not involved (""just"" playing)","Yes","No, I don't identify as a gamer, even though I play games.","","6 (Very Severe)","6 (Very Severe)","7 (Extremely Severe)","7 (Extremely Severe)","7 (Extremely Severe)","6 (Very Severe)","7 (Extremely Severe)","6 (Very Severe)","Disagree","Strongly agree","Agree","Strongly disagree","Agree","Often","Sometimes","Often","Often","Often","Often","Often","Often","Disagree","Disagree","Strongly agree","Disagree","Agree","Agree","Disagree","","6 (Very Severe)","","6 (Very Severe)","","6 (Very Severe)","","7 (Extremely Severe)","","6 (Very Severe)","","4 (Moderate)","","6 (Very Severe)","","7 (Extremely Severe)","","6 (Very Severe)","","7 (Extremely Severe)","","7 (Extremely Severe)","","7 (Extremely Severe)","","6 (Very Severe)","Not Real","5 (Severe)","","Female","","18 - 25 years old","Yes","No","No","No","No","No"
"117","1980-01-01 00:00:00","6","en","2040816653","","Yes","No","Yes","No","No","10 to 20 hours","No","No","No","Yes","Yes","No","Passive Participant (Reading posts, Attending Events, ...)","Yes","Yes, I strongly identify as a gamer.","","7 (Extremely Severe)","7 (Extremely Severe)","6 (Very Severe)","7 (Extremely Severe)","7 (Extremely Severe)","7 (Extremely Severe)","7 (Extremely Severe)","5 (Severe)","Agree","Strongly agree","Neutral","Strongly disagree","Agree","Always","Always","Often","Often","Always","Always","Rarely","Rarely","Strongly disagree","Neutral","Strongly agree","Strongly disagree","Strongly agree","Neutral","Agree","","4 (Moderate)","Real","6 (Very Severe)","Real","7 (Extremely Severe)","Real","7 (Extremely Severe)","Real","3 (Mild)","Real","2 (Very Mild)","Not Real","5 (Severe)","Real","6 (Very Severe)","Not Real","6 (Very Severe)","Real","7 (Extremely Severe)","Real","7 (Extremely Severe)","Real","7 (Extremely Severe)","Real","7 (Extremely Severe)","Real","7 (Extremely Severe)","Real","Male","","18 - 25 years old","Yes","No","No","No","No","No"
"118","1980-01-01 00:00:00","6","en","445049537","","Yes","No","Yes","No","No","More than 20 hours","No","No","No","No","No","Yes","Active Participant (Posting, Organizing Events, Moderating Communities, ...)","Yes","Yes, I strongly identify as a gamer.","","4 (Moderate)","4 (Moderate)","5 (Severe)","5 (Severe)","3 (Mild)","6 (Very Severe)","6 (Very Severe)","2 (Very Mild)","Agree","Disagree","Strongly disagree","Agree","Disagree","Never","Never","Rarely","Never","Rarely","Never","Never","Never","Strongly disagree","Strongly agree","Neutral","Neutral","Disagree","Disagree","Strongly agree","","1 (Not Severe at All)","","1 (Not Severe at All)","","1 (Not Severe at All)","","2 (Very Mild)","","1 (Not Severe at All)","","1 (Not Severe at All)","","1 (Not Severe at All)","","1 (Not Severe at All)","","1 (Not Severe at All)","","2 (Very Mild)","","4 (Moderate)","","2 (Very Mild)","","1 (Not Severe at All)","","1 (Not Severe at All)","","Female","","25 - 35 years old","Yes","No","No","No","No","No"
"119","1980-01-01 00:00:00","6","en","1532532577","","Yes","No","Yes","No","No","5 to 10 hours","Yes","No","No","No","No","No","Passive Participant (Reading posts, Attending Events, ...)","No","Yes, I strongly identify as a gamer.","","5 (Severe)","6 (Very Severe)","7 (Extremely Severe)","7 (Extremely Severe)","7 (Extremely Severe)","6 (Very Severe)","7 (Extremely Severe)","5 (Severe)","Neutral","Strongly agree","Strongly agree","Disagree","Agree","Always","Always","Always","Always","Always","Always","Always","Always","Strongly disagree","Agree","Agree","Disagree","Agree","Neutral","Disagree","","3 (Mild)","Real","4 (Moderate)","Real","7 (Extremely Severe)","Not Real","6 (Very Severe)","Real","3 (Mild)","Real","5 (Severe)","Real","7 (Extremely Severe)","Real","7 (Extremely Severe)","Not Real","6 (Very Severe)","Real","7 (Extremely Severe)","Not Real","7 (Extremely Severe)","Real","7 (Extremely Severe)","Real","4 (Moderate)","Real","5 (Severe)","Real","Non-binary","","18 - 25 years old","Yes","No","No","No","No","No"
"120","1980-01-01 00:00:00","6","en","1431563679","","Yes","No","Yes","No","No","10 to 20 hours","No","No","No","Yes","No","No","Passive Participant (Reading posts, Attending Events, ...)","No","Yes, I strongly identify as a gamer.","","5 (Severe)","5 (Severe)","6 (Very Severe)","7 (Extremely Severe)","5 (Severe)","6 (Very Severe)","5 (Severe)","6 (Very Severe)","Neutral","Disagree","Neutral","Disagree","Strongly agree","Often","Sometimes","Often","Often","Always","Always","Sometimes","Sometimes","Disagree","Agree","Agree","Disagree","Agree","Neutral","Strongly agree","","3 (Mild)","Real","2 (Very Mild)","Real","7 (Extremely Severe)","Real","6 (Very Severe)","Real","5 (Severe)","Real","2 (Very Mild)","Not Real","6 (Very Severe)","Real","6 (Very Severe)","Real","6 (Very Severe)","Real","7 (Extremely Severe)","Real","7 (Extremely Severe)","Real","4 (Moderate)","Real","4 (Moderate)","Real","3 (Mild)","Real","Male","","25 - 35 years old","Yes","No","No","No","No","No"
"122","1980-01-01 00:00:00","6","en","817024339","","Yes","No","Yes","No","No","More than 20 hours","No","No","No","No","No","Yes","Not involved (""just"" playing)","No","Yes, I strongly identify as a gamer.","","3 (Mild)","1 (Not Severe at All)","6 (Very Severe)","7 (Extremely Severe)","5 (Severe)","4 (Moderate)","2 (Very Mild)","1 (Not Severe at All)","Neutral","Agree","Strongly disagree","Strongly disagree","Agree","Sometimes","Sometimes","Always","Often","Often","Sometimes","Always","Rarely","Strongly disagree","Strongly agree","Disagree","Neutral","Strongly disagree","Disagree","Agree","","1 (Not Severe at All)","Real","4 (Moderate)","Real","3 (Mild)","Not Real","6 (Very Severe)","Real","4 (Moderate)","Not Real","4 (Moderate)","Real","4 (Moderate)","Not Real","6 (Very Severe)","Not Real","5 (Severe)","Real","5 (Severe)","Real","7 (Extremely Severe)","Real","5 (Severe)","Real","2 (Very Mild)","Real","3 (Mild)","Real","Male","","25 - 35 years old","Yes","No","No","No","No","No"
"123","1980-01-01 00:00:00","6","en","1340665482","","Yes","No","Yes","No","No","10 to 20 hours","No","No","No","No","Yes","No","Not involved (""just"" playing)","No","Yes, I strongly identify as a gamer.","","5 (Severe)","4 (Moderate)","6 (Very Severe)","7 (Extremely Severe)","6 (Very Severe)","6 (Very Severe)","7 (Extremely Severe)","4 (Moderate)","Neutral","Neutral","Agree","Neutral","Agree","Always","Always","Never","Never","Rarely","Rarely","Never","Never","Strongly disagree","Agree","Agree","Strongly disagree","Disagree","Disagree","Agree","","2 (Very Mild)","Real","4 (Moderate)","Real","6 (Very Severe)","Real","6 (Very Severe)","Real","4 (Moderate)","Real","4 (Moderate)","Real","5 (Severe)","Real","7 (Extremely Severe)","Not Real","5 (Severe)","Real","6 (Very Severe)","Real","7 (Extremely Severe)","Real","5 (Severe)","Real","4 (Moderate)","Real","5 (Severe)","Not Real","Male","","18 - 25 years old","Yes","No","No","No","No","No"
"124","1980-01-01 00:00:00","6","en","1987741052","","Yes","No","Yes","No","No","10 to 20 hours","No","No","No","Yes","No","No","Not involved (""just"" playing)","No","Somewhat, I identify as a gamer in certain contexts.","","6 (Very Severe)","7 (Extremely Severe)","5 (Severe)","7 (Extremely Severe)","6 (Very Severe)","6 (Very Severe)","7 (Extremely Severe)","6 (Very Severe)","Neutral","Agree","Strongly disagree","Agree","Disagree","Always","Often","Always","Sometimes","Often","Often","Never","Never","Agree","Agree","Disagree","Agree","Strongly disagree","Neutral","Agree","","1 (Not Severe at All)","Real","3 (Mild)","Real","4 (Moderate)","Real","4 (Moderate)","Real","6 (Very Severe)","Real","2 (Very Mild)","Real","3 (Mild)","Real","","Real","5 (Severe)","Real","7 (Extremely Severe)","Not Real","7 (Extremely Severe)","Real","3 (Mild)","Real","3 (Mild)","Real","2 (Very Mild)","","Female","","18 - 25 years old","Yes","No","No","No","No","No"
"125","1980-01-01 00:00:00","6","en","896636231","","Yes","No","Yes","No","No","More than 20 hours","Yes","No","No","Yes","Yes","No","Active Participant (Posting, Organizing Events, Moderating Communities, ...)","No","Yes, I strongly identify as a gamer.","","7 (Extremely Severe)","7 (Extremely Severe)","4 (Moderate)","6 (Very Severe)","4 (Moderate)","6 (Very Severe)","7 (Extremely Severe)","4 (Moderate)","Strongly agree","Strongly agree","Strongly disagree","Strongly disagree","Strongly disagree","Rarely","Rarely","Never","Never","Sometimes","Sometimes","Sometimes","Never","Strongly disagree","Neutral","Strongly disagree","Agree","Strongly disagree","Neutral","Neutral","","1 (Not Severe at All)","Real","4 (Moderate)","Real","6 (Very Severe)","Real","5 (Severe)","Real","4 (Moderate)","Real","6 (Very Severe)","Real","3 (Mild)","Real","7 (Extremely Severe)","Real","5 (Severe)","Real","7 (Extremely Severe)","Real","7 (Extremely Severe)","Real","3 (Mild)","Real","3 (Mild)","Real","3 (Mild)","Real","Male","","25 - 35 years old","Yes","No","No","No","No","No"
"127","1980-01-01 00:00:00","6","en","910308319","","Yes","No","Yes","No","No","10 to 20 hours","No","No","No","Yes","No","No","Not involved (""just"" playing)","No","Yes, I strongly identify as a gamer.","","5 (Severe)","5 (Severe)","6 (Very Severe)","7 (Extremely Severe)","6 (Very Severe)","7 (Extremely Severe)","7 (Extremely Severe)","4 (Moderate)","Agree","Strongly agree","Agree","Disagree","Agree","Always","Always","Rarely","Rarely","Always","Always","Rarely","Rarely","Strongly disagree","Disagree","Agree","Strongly disagree","Neutral","Agree","Disagree","","5 (Severe)","Real","5 (Severe)","Real","6 (Very Severe)","Real","6 (Very Severe)","Real","5 (Severe)","Real","4 (Moderate)","Not Real","6 (Very Severe)","Real","6 (Very Severe)","Not Real","6 (Very Severe)","Real","7 (Extremely Severe)","Real","7 (Extremely Severe)","Real","6 (Very Severe)","Real","5 (Severe)","Real","5 (Severe)","Real","Male","","18 - 25 years old","Yes","No","No","No","No","No"
"129","1980-01-01 00:00:00","6","en","1169181188","","Yes","No","Yes","No","No","5 to 10 hours","No","No","No","Yes","No","No","Not involved (""just"" playing)","Yes","Yes, I strongly identify as a gamer.","","4 (Moderate)","4 (Moderate)","6 (Very Severe)","7 (Extremely Severe)","5 (Severe)","5 (Severe)","6 (Very Severe)","4 (Moderate)","Strongly agree","Agree","Disagree","Agree","Agree","Always","Always","Never","Rarely","Never","Sometimes","Never","Rarely","Strongly disagree","Disagree","Agree","Disagree","Disagree","Agree","Disagree","","3 (Mild)","Real","4 (Moderate)","Real","6 (Very Severe)","Real","7 (Extremely Severe)","Real","5 (Severe)","Real","3 (Mild)","Real","5 (Severe)","Real","7 (Extremely Severe)","Real","5 (Severe)","Real","7 (Extremely Severe)","Real","7 (Extremely Severe)","Real","6 (Very Severe)","Real","4 (Moderate)","Real","5 (Severe)","Real","Female","","25 - 35 years old","Yes","No","No","No","No","No"
"130","1980-01-01 00:00:00","6","en","238841449","","Yes","No","Yes","No","No","10 to 20 hours","No","No","No","Yes","No","No","Passive Participant (Reading posts, Attending Events, ...)","Yes","Somewhat, I identify as a gamer in certain contexts.","","5 (Severe)","3 (Mild)","6 (Very Severe)","7 (Extremely Severe)","5 (Severe)","5 (Severe)","7 (Extremely Severe)","5 (Severe)","Disagree","Strongly agree","Strongly agree","Strongly disagree","Strongly agree","Always","Often","Sometimes","Sometimes","Often","Often","Sometimes","Sometimes","Strongly disagree","Strongly agree","Strongly agree","Strongly disagree","Neutral","Disagree","Agree","","3 (Mild)","Not Real","3 (Mild)","Not Real","4 (Moderate)","Real","5 (Severe)","Real","5 (Severe)","Real","4 (Moderate)","Real","6 (Very Severe)","Real","5 (Severe)","Real","5 (Severe)","Real","6 (Very Severe)","Real","7 (Extremely Severe)","Real","4 (Moderate)","Real","4 (Moderate)","Real","4 (Moderate)","Real","Female","","25 - 35 years old","Yes","No","No","No","No","No"
"131","1980-01-01 00:00:00","6","en","4928987","","Yes","No","Yes","No","No","5 to 10 hours","No","No","No","No","No","Yes","Not involved (""just"" playing)","No","Somewhat, I identify as a gamer in certain contexts.","","6 (Very Severe)","6 (Very Severe)","7 (Extremely Severe)","7 (Extremely Severe)","5 (Severe)","7 (Extremely Severe)","7 (Extremely Severe)","5 (Severe)","Disagree","Neutral","Disagree","Neutral","Agree","Often","Sometimes","Never","Never","Often","Often","Rarely","Rarely","Strongly disagree","Neutral","Agree","Neutral","Neutral","Neutral","Agree","","5 (Severe)","Not Real","6 (Very Severe)","Not Real","6 (Very Severe)","Not Real","7 (Extremely Severe)","Real","7 (Extremely Severe)","Not Real","","","6 (Very Severe)","Not Real","","","7 (Extremely Severe)","Real","7 (Extremely Severe)","Real","7 (Extremely Severe)","Real","6 (Very Severe)","Real","5 (Severe)","Real","6 (Very Severe)","Real","Male","","25 - 35 years old","Yes","No","No","No","No","No"
"132","1980-01-01 00:00:00","6","en","201764276","","Yes","No","Yes","No","No","5 to 10 hours","No","No","No","No","No","Yes","Not involved (""just"" playing)","No","Yes, I strongly identify as a gamer.","","2 (Very Mild)","1 (Not Severe at All)","5 (Severe)","7 (Extremely Severe)","2 (Very Mild)","4 (Moderate)","7 (Extremely Severe)","1 (Not Severe at All)","Strongly disagree","Neutral","Strongly disagree","Agree","Strongly agree","Never","Sometimes","Rarely","Never","Always","Rarely","Never","Never","Strongly disagree","Strongly agree","Disagree","Agree","Strongly disagree","Neutral","Agree","","1 (Not Severe at All)","Real","5 (Severe)","Real","3 (Mild)","Real","5 (Severe)","Real","3 (Mild)","Not Real","3 (Mild)","Real","1 (Not Severe at All)","Not Real","5 (Severe)","Not Real","1 (Not Severe at All)","Not Real","5 (Severe)","Not Real","7 (Extremely Severe)","Real","3 (Mild)","Real","2 (Very Mild)","Real","4 (Moderate)","Real","Male","","18 - 25 years old","Yes","No","No","No","No","No"
"134","1980-01-01 00:00:00","6","en","899652572","","Yes","No","Yes","No","No","More than 20 hours","No","No","No","Yes","Yes","No","Passive Participant (Reading posts, Attending Events, ...)","No","Somewhat, I identify as a gamer in certain contexts.","","6 (Very Severe)","5 (Severe)","4 (Moderate)","7 (Extremely Severe)","5 (Severe)","6 (Very Severe)","7 (Extremely Severe)","4 (Moderate)","Agree","Neutral","Disagree","Neutral","Neutral","Never","Rarely","Never","Rarely","Rarely","Rarely","Never","Never","Strongly disagree","Agree","Neutral","Agree","Strongly disagree","Disagree","Strongly agree","","3 (Mild)","Real","4 (Moderate)","Real","5 (Severe)","Not Real","5 (Severe)","Not Real","6 (Very Severe)","Not Real","4 (Moderate)","Not Real","4 (Moderate)","Real","6 (Very Severe)","Not Real","6 (Very Severe)","Not Real","7 (Extremely Severe)","Not Real","5 (Severe)","Real","5 (Severe)","Real","3 (Mild)","Not Real","3 (Mild)","Real","Male","","18 - 25 years old","Yes","No","No","No","No","No"
"135","1980-01-01 00:00:00","6","en","163627561","","Yes","No","Yes","No","No","5 to 10 hours","No","No","No","Yes","No","No","Passive Participant (Reading posts, Attending Events, ...)","No","Somewhat, I identify as a gamer in certain contexts.","","7 (Extremely Severe)","7 (Extremely Severe)","7 (Extremely Severe)","7 (Extremely Severe)","7 (Extremely Severe)","4 (Moderate)","7 (Extremely Severe)","7 (Extremely Severe)","Neutral","Neutral","Strongly disagree","Disagree","Strongly agree","Always","Always","Always","Always","Always","Always","Never","Never","Disagree","Disagree","Disagree","Disagree","Disagree","Disagree","Agree","","3 (Mild)","Real","3 (Mild)","Real","6 (Very Severe)","Real","7 (Extremely Severe)","Real","5 (Severe)","Real","4 (Moderate)","Real","4 (Moderate)","Real","7 (Extremely Severe)","Not Real","7 (Extremely Severe)","Not Real","7 (Extremely Severe)","Real","7 (Extremely Severe)","Real","5 (Severe)","Real","4 (Moderate)","Real","4 (Moderate)","Real","Male","","25 - 35 years old","Yes","No","No","No","No","No"
"136","1980-01-01 00:00:00","6","en","118921104","","Yes","No","Yes","No","No","10 to 20 hours","No","No","No","No","No","Yes","Active Participant (Posting, Organizing Events, Moderating Communities, ...)","Yes","Yes, I strongly identify as a gamer.","","2 (Very Mild)","2 (Very Mild)","5 (Severe)","7 (Extremely Severe)","7 (Extremely Severe)","7 (Extremely Severe)","5 (Severe)","4 (Moderate)","Neutral","Strongly agree","Disagree","Strongly disagree","Strongly agree","Always","Always","Sometimes","Sometimes","Always","Always","Sometimes","Sometimes","Strongly disagree","Strongly disagree","Strongly agree","Strongly disagree","Strongly agree","Strongly agree","Strongly disagree","","4 (Moderate)","Real","6 (Very Severe)","Real","5 (Severe)","Not Real","7 (Extremely Severe)","Real","7 (Extremely Severe)","Real","7 (Extremely Severe)","Real","6 (Very Severe)","Real","7 (Extremely Severe)","Not Real","7 (Extremely Severe)","Real","7 (Extremely Severe)","Not Real","7 (Extremely Severe)","Real","7 (Extremely Severe)","Real","7 (Extremely Severe)","Real","7 (Extremely Severe)","Real","Male","","25 - 35 years old","Yes","No","No","No","No","No"
"138","1980-01-01 00:00:00","6","en","1852549613","","Yes","No","Yes","No","No","10 to 20 hours","No","No","No","Yes","No","No","Passive Participant (Reading posts, Attending Events, ...)","Yes","Yes, I strongly identify as a gamer.","","6 (Very Severe)","5 (Severe)","7 (Extremely Severe)","7 (Extremely Severe)","5 (Severe)","7 (Extremely Severe)","7 (Extremely Severe)","6 (Very Severe)","Agree","Strongly agree","Disagree","Disagree","Agree","Often","Sometimes","Often","Sometimes","Always","Always","Often","Often","Strongly disagree","Disagree","Strongly agree","Disagree","Neutral","Agree","Disagree","","4 (Moderate)","","6 (Very Severe)","","7 (Extremely Severe)","","7 (Extremely Severe)","","7 (Extremely Severe)","","","","6 (Very Severe)","","7 (Extremely Severe)","","7 (Extremely Severe)","","7 (Extremely Severe)","","7 (Extremely Severe)","","5 (Severe)","","4 (Moderate)","","5 (Severe)","","Male","","18 - 25 years old","Yes","No","No","No","No","No"
"139","1980-01-01 00:00:00","6","en","1823332773","","Yes","No","Yes","No","No","5 to 10 hours","Yes","No","No","No","Yes","No","Passive Participant (Reading posts, Attending Events, ...)","No","Yes, I strongly identify as a gamer.","","7 (Extremely Severe)","7 (Extremely Severe)","4 (Moderate)","4 (Moderate)","6 (Very Severe)","6 (Very Severe)","6 (Very Severe)","5 (Severe)","Neutral","Agree","Agree","Strongly disagree","Strongly disagree","Rarely","Often","Rarely","Rarely","Sometimes","Sometimes","Rarely","Rarely","Disagree","Disagree","Neutral","Neutral","Disagree","Agree","Disagree","","4 (Moderate)","","5 (Severe)","","7 (Extremely Severe)","","7 (Extremely Severe)","","6 (Very Severe)","","2 (Very Mild)","","3 (Mild)","","6 (Very Severe)","","7 (Extremely Severe)","","7 (Extremely Severe)","","7 (Extremely Severe)","","6 (Very Severe)","","4 (Moderate)","","5 (Severe)","","Male","","18 - 25 years old","Yes","No","No","No","No","No"
"141","1980-01-01 00:00:00","6","en","1751486870","","Yes","No","No","Yes","No","Less than 5 hours","No","No","No","No","No","Yes","Active Participant (Posting, Organizing Events, Moderating Communities, ...)","No","Yes, I strongly identify as a gamer.","","3 (Mild)","3 (Mild)","5 (Severe)","5 (Severe)","4 (Moderate)","5 (Severe)","7 (Extremely Severe)","5 (Severe)","Disagree","Strongly agree","Strongly disagree","Disagree","Strongly disagree","Sometimes","Sometimes","Never","Never","Rarely","Sometimes","Rarely","Rarely","Disagree","Disagree","Agree","Disagree","Strongly disagree","Neutral","Neutral","","4 (Moderate)","Real","4 (Moderate)","Real","5 (Severe)","Real","6 (Very Severe)","Real","","","5 (Severe)","Real","3 (Mild)","Real","","","5 (Severe)","Real","7 (Extremely Severe)","Real","7 (Extremely Severe)","Real","6 (Very Severe)","Real","5 (Severe)","Real","2 (Very Mild)","Real","Male","","25 - 35 years old","Yes","No","No","No","No","No"
"142","1980-01-01 00:00:00","6","en","9043765","","Yes","No","Yes","No","No","10 to 20 hours","No","No","No","No","Yes","No","Not involved (""just"" playing)","No","Somewhat, I identify as a gamer in certain contexts.","","7 (Extremely Severe)","7 (Extremely Severe)","7 (Extremely Severe)","7 (Extremely Severe)","7 (Extremely Severe)","6 (Very Severe)","7 (Extremely Severe)","7 (Extremely Severe)","Neutral","Strongly agree","Strongly disagree","Disagree","Neutral","Always","Always","Rarely","Never","Sometimes","Never","Never","Never","Strongly disagree","Neutral","Strongly agree","Neutral","Agree","Neutral","Neutral","","4 (Moderate)","Real","4 (Moderate)","Real","5 (Severe)","Real","6 (Very Severe)","Real","6 (Very Severe)","Real","6 (Very Severe)","Real","4 (Moderate)","Real","5 (Severe)","Real","6 (Very Severe)","Real","7 (Extremely Severe)","Real","7 (Extremely Severe)","Real","7 (Extremely Severe)","Real","7 (Extremely Severe)","Real","7 (Extremely Severe)","Real","Female","","18 - 25 years old","Yes","No","No","No","No","No"
"144","1980-01-01 00:00:00","6","en","1040418637","","Yes","No","Yes","No","No","Less than 5 hours","No","No","No","No","No","Yes","Passive Participant (Reading posts, Attending Events, ...)","No","No, I don't identify as a gamer, even though I play games.","","6 (Very Severe)","4 (Moderate)","6 (Very Severe)","7 (Extremely Severe)","5 (Severe)","4 (Moderate)","7 (Extremely Severe)","3 (Mild)","Agree","Agree","Disagree","Neutral","Strongly agree","Often","Often","Never","Never","Often","Rarely","Never","Never","Strongly disagree","Agree","Agree","Disagree","Agree","Agree","Agree","","2 (Very Mild)","Not Real","4 (Moderate)","Real","6 (Very Severe)","Not Real","5 (Severe)","Not Real","4 (Moderate)","Real","","","3 (Mild)","Not Real","6 (Very Severe)","Not Real","4 (Moderate)","Not Real","6 (Very Severe)","Real","7 (Extremely Severe)","Real","6 (Very Severe)","Real","3 (Mild)","Real","5 (Severe)","Real","Female","","18 - 25 years old","Yes","No","No","No","No","No"
"147","1980-01-01 00:00:00","6","en","1234373613","","Yes","No","Yes","No","No","Less than 5 hours","Yes","No","No","No","No","No","Passive Participant (Reading posts, Attending Events, ...)","No","Somewhat, I identify as a gamer in certain contexts.","","6 (Very Severe)","6 (Very Severe)","7 (Extremely Severe)","7 (Extremely Severe)","7 (Extremely Severe)","6 (Very Severe)","7 (Extremely Severe)","5 (Severe)","Agree","Strongly agree","Disagree","Neutral","Strongly agree","Always","Always","Always","Always","Rarely","Rarely","Always","Always","Strongly disagree","Strongly agree","Disagree","Agree","Strongly disagree","Neutral","Strongly agree","","6 (Very Severe)","Real","6 (Very Severe)","Real","7 (Extremely Severe)","Real","7 (Extremely Severe)","Real","7 (Extremely Severe)","Real","5 (Severe)","Real","7 (Extremely Severe)","Real","7 (Extremely Severe)","Real","","Real","7 (Extremely Severe)","Real","7 (Extremely Severe)","Real","7 (Extremely Severe)","Real","6 (Very Severe)","Real","5 (Severe)","Real","Male","","25 - 35 years old","Yes","No","No","No","No","No"
"148","1980-01-01 00:00:00","6","en","1920823839","","Yes","No","Yes","No","No","5 to 10 hours","No","No","No","No","No","Yes","Not involved (""just"" playing)","No","Somewhat, I identify as a gamer in certain contexts.","","6 (Very Severe)","5 (Severe)","4 (Moderate)","5 (Severe)","3 (Mild)","4 (Moderate)","5 (Severe)","4 (Moderate)","Disagree","Neutral","Disagree","Disagree","Disagree","Sometimes","Sometimes","Often","Sometimes","Often","Sometimes","Sometimes","Sometimes","Disagree","Neutral","Agree","Disagree","Neutral","Neutral","Neutral","","4 (Moderate)","Real","4 (Moderate)","Real","4 (Moderate)","Not Real","5 (Severe)","Real","3 (Mild)","Real","3 (Mild)","Real","","Real","4 (Moderate)","Not Real","3 (Mild)","Real","5 (Severe)","Real","5 (Severe)","Real","2 (Very Mild)","Real","2 (Very Mild)","Real","3 (Mild)","Real","Female","","25 - 35 years old","Yes","No","No","No","No","No"
"149","1980-01-01 00:00:00","6","en","1466296202","","Yes","No","Yes","No","No","5 to 10 hours","Yes","No","No","Yes","No","No","Not involved (""just"" playing)","No","No, I don't identify as a gamer, even though I play games.","","3 (Mild)","3 (Mild)","5 (Severe)","6 (Very Severe)","2 (Very Mild)","4 (Moderate)","7 (Extremely Severe)","1 (Not Severe at All)","Neutral","Neutral","Strongly disagree","Neutral","Strongly agree","Often","Sometimes","Rarely","Often","Sometimes","Sometimes","Never","Never","Neutral","Neutral","Strongly disagree","Strongly agree","Strongly disagree","Disagree","Strongly agree","","1 (Not Severe at All)","Real","","Not Real","","Not Real","3 (Mild)","Real","","Not Real","","Not Real","2 (Very Mild)","Real","","Not Real","2 (Very Mild)","Not Real","6 (Very Severe)","Not Real","5 (Severe)","Real","3 (Mild)","Real","","Not Real","1 (Not Severe at All)","Real","Male","","18 - 25 years old","Yes","No","No","No","No","No"
"152","1980-01-01 00:00:00","6","en","26428411","","Yes","No","Yes","No","No","5 to 10 hours","No","No","No","Yes","No","No","Passive Participant (Reading posts, Attending Events, ...)","Yes","Somewhat, I identify as a gamer in certain contexts.","","7 (Extremely Severe)","7 (Extremely Severe)","4 (Moderate)","6 (Very Severe)","3 (Mild)","3 (Mild)","7 (Extremely Severe)","4 (Moderate)","Neutral","Neutral","Neutral","Neutral","Strongly agree","Rarely","Often","Sometimes","Sometimes","Often","Often","Never","Never","Disagree","Strongly agree","Disagree","Strongly agree","Strongly disagree","Neutral","Strongly disagree","","4 (Moderate)","Real","2 (Very Mild)","Real","5 (Severe)","Real","6 (Very Severe)","Real","5 (Severe)","Real","3 (Mild)","Not Real","4 (Moderate)","Not Real","6 (Very Severe)","Not Real","5 (Severe)","Not Real","7 (Extremely Severe)","Real","7 (Extremely Severe)","Real","5 (Severe)","Real","3 (Mild)","Real","4 (Moderate)","Real","Male","","25 - 35 years old","Yes","No","No","No","No","No"
"155","1980-01-01 00:00:00","6","en","1189027708","","Yes","No","Yes","No","No","Less than 5 hours","No","No","No","No","No","Yes","Passive Participant (Reading posts, Attending Events, ...)","No","Somewhat, I identify as a gamer in certain contexts.","","5 (Severe)","7 (Extremely Severe)","7 (Extremely Severe)","7 (Extremely Severe)","7 (Extremely Severe)","7 (Extremely Severe)","7 (Extremely Severe)","7 (Extremely Severe)","Agree","Strongly agree","Disagree","Neutral","Strongly agree","Sometimes","Often","Sometimes","Sometimes","Sometimes","Sometimes","Sometimes","Sometimes","Strongly disagree","Disagree","Disagree","Disagree","Disagree","Strongly agree","Neutral","","4 (Moderate)","","4 (Moderate)","","5 (Severe)","","7 (Extremely Severe)","","","Not Real","5 (Severe)","","4 (Moderate)","","","Not Real","4 (Moderate)","","","Not Real","7 (Extremely Severe)","","5 (Severe)","","6 (Very Severe)","","4 (Moderate)","","Male","","18 - 25 years old","Yes","No","No","No","No","No"
"156","1980-01-01 00:00:00","6","en","934491672","","Yes","No","Yes","No","Yes","More than 20 hours","Yes","No","No","No","No","No","Not involved (""just"" playing)","No","Somewhat, I identify as a gamer in certain contexts.","","6 (Very Severe)","6 (Very Severe)","5 (Severe)","4 (Moderate)","4 (Moderate)","4 (Moderate)","7 (Extremely Severe)","1 (Not Severe at All)","Disagree","Strongly agree","Strongly disagree","Strongly disagree","Strongly disagree","Sometimes","Rarely","Rarely","Never","Often","Never","Never","Never","Strongly disagree","Strongly agree","Strongly disagree","Neutral","Strongly disagree","Strongly disagree","Agree","","1 (Not Severe at All)","Real","2 (Very Mild)","Real","2 (Very Mild)","Real","3 (Mild)","Real","1 (Not Severe at All)","Real","2 (Very Mild)","Not Real","2 (Very Mild)","Real","2 (Very Mild)","Not Real","3 (Mild)","Real","2 (Very Mild)","Not Real","6 (Very Severe)","Real","3 (Mild)","Real","2 (Very Mild)","Real","2 (Very Mild)","Real","Male","","25 - 35 years old","Yes","No","No","No","No","No"
"157","1980-01-01 00:00:00","6","en","237332731","","Yes","No","Yes","No","No","Less than 5 hours","No","No","No","No","No","Yes","Passive Participant (Reading posts, Attending Events, ...)","No","Yes, I strongly identify as a gamer.","","1 (Not Severe at All)","4 (Moderate)","2 (Very Mild)","3 (Mild)","2 (Very Mild)","4 (Moderate)","6 (Very Severe)","1 (Not Severe at All)","Strongly agree","Neutral","Strongly disagree","Neutral","Agree","Never","Never","Rarely","Never","Sometimes","Never","Rarely","Rarely","Neutral","Agree","Strongly disagree","Strongly agree","Strongly disagree","Neutral","Agree","","","","1 (Not Severe at All)","Real","1 (Not Severe at All)","Real","1 (Not Severe at All)","Real","1 (Not Severe at All)","Real","1 (Not Severe at All)","Real","1 (Not Severe at All)","Not Real","1 (Not Severe at All)","Real","1 (Not Severe at All)","Real","1 (Not Severe at All)","Real","2 (Very Mild)","Real","1 (Not Severe at All)","Real","1 (Not Severe at All)","Real","1 (Not Severe at All)","Real","Male","","25 - 35 years old","Yes","No","No","No","No","No"
"158","1980-01-01 00:00:00","6","en","2018760494","","Yes","No","Yes","No","Yes","More than 20 hours","Yes","No","No","No","No","No","Not involved (""just"" playing)","Yes","Yes, I strongly identify as a gamer.","","5 (Severe)","4 (Moderate)","6 (Very Severe)","7 (Extremely Severe)","6 (Very Severe)","5 (Severe)","7 (Extremely Severe)","3 (Mild)","Agree","Agree","Disagree","Disagree","Neutral","Always","Always","Rarely","Sometimes","Often","Often","Rarely","Rarely","Strongly disagree","Neutral","Agree","Neutral","Disagree","Agree","Agree","","3 (Mild)","Real","5 (Severe)","Real","6 (Very Severe)","Real","6 (Very Severe)","Real","5 (Severe)","Real","3 (Mild)","Real","6 (Very Severe)","Real","6 (Very Severe)","Real","6 (Very Severe)","Real","7 (Extremely Severe)","Real","7 (Extremely Severe)","Real","5 (Severe)","Real","5 (Severe)","Real","4 (Moderate)","Real","Male","","18 - 25 years old","Yes","No","No","Yes","No","No"
"159","1980-01-01 00:00:00","6","en","2048336371","","Yes","No","Yes","No","No","10 to 20 hours","No","No","No","No","No","Yes","Not involved (""just"" playing)","No","No, I don't identify as a gamer, even though I play games.","","5 (Severe)","6 (Very Severe)","6 (Very Severe)","7 (Extremely Severe)","5 (Severe)","6 (Very Severe)","7 (Extremely Severe)","3 (Mild)","Agree","Agree","Disagree","Disagree","Agree","Often","Sometimes","Rarely","Rarely","Often","Sometimes","Never","Never","Strongly disagree","Agree","Neutral","Disagree","Strongly disagree","Disagree","Agree","","3 (Mild)","Real","6 (Very Severe)","Real","6 (Very Severe)","Real","6 (Very Severe)","Real","5 (Severe)","Real","3 (Mild)","Real","5 (Severe)","Real","6 (Very Severe)","Real","6 (Very Severe)","Real","7 (Extremely Severe)","Real","7 (Extremely Severe)","Real","5 (Severe)","Real","5 (Severe)","Real","4 (Moderate)","Real","Male","","18 - 25 years old","Yes","No","No","No","No","No"
"160","1980-01-01 00:00:00","6","en","348170336","","Yes","No","Yes","Yes","No","5 to 10 hours","No","No","No","No","No","Yes","Passive Participant (Reading posts, Attending Events, ...)","No","Yes, I strongly identify as a gamer.","","7 (Extremely Severe)","5 (Severe)","7 (Extremely Severe)","7 (Extremely Severe)","6 (Very Severe)","5 (Severe)","7 (Extremely Severe)","6 (Very Severe)","Strongly agree","Neutral","Disagree","Neutral","Strongly agree","Always","Always","Always","Always","Always","Always","Always","Always","Strongly disagree","Disagree","Agree","Disagree","Agree","Agree","Disagree","","2 (Very Mild)","Real","6 (Very Severe)","Real","7 (Extremely Severe)","Real","7 (Extremely Severe)","Real","7 (Extremely Severe)","Not Real","2 (Very Mild)","Real","4 (Moderate)","Not Real","7 (Extremely Severe)","Not Real","7 (Extremely Severe)","Not Real","7 (Extremely Severe)","Not Real","7 (Extremely Severe)","Real","7 (Extremely Severe)","Real","6 (Very Severe)","Real","","","Male","","25 - 35 years old","Yes","No","No","No","No","No"
"162","1980-01-01 00:00:00","6","en","630253518","","Yes","No","Yes","No","Yes","More than 20 hours","No","No","No","Yes","No","No","Passive Participant (Reading posts, Attending Events, ...)","No","Yes, I strongly identify as a gamer.","","6 (Very Severe)","3 (Mild)","7 (Extremely Severe)","7 (Extremely Severe)","5 (Severe)","6 (Very Severe)","7 (Extremely Severe)","5 (Severe)","Neutral","Strongly agree","Disagree","Strongly disagree","Strongly agree","Rarely","Rarely","Rarely","Rarely","Sometimes","Sometimes","Rarely","Rarely","Strongly disagree","Disagree","Agree","Neutral","Strongly disagree","Agree","Disagree","","1 (Not Severe at All)","Real","4 (Moderate)","Real","3 (Mild)","Not Real","6 (Very Severe)","Real","4 (Moderate)","Real","6 (Very Severe)","Real","2 (Very Mild)","Real","5 (Severe)","Not Real","6 (Very Severe)","Real","7 (Extremely Severe)","Real","7 (Extremely Severe)","Real","5 (Severe)","Real","5 (Severe)","Real","4 (Moderate)","Real","Male","","18 - 25 years old","Yes","No","No","No","No","No"
"163","1980-01-01 00:00:00","6","en","1498642541","","Yes","No","Yes","Yes","No","10 to 20 hours","No","No","No","No","No","Yes","Not involved (""just"" playing)","No","Somewhat, I identify as a gamer in certain contexts.","","4 (Moderate)","4 (Moderate)","6 (Very Severe)","6 (Very Severe)","5 (Severe)","5 (Severe)","5 (Severe)","5 (Severe)","Agree","Neutral","Neutral","Disagree","Agree","Rarely","Sometimes","Rarely","Rarely","Always","Always","Never","Never","Strongly disagree","Disagree","Neutral","Neutral","Neutral","Agree","Disagree","","5 (Severe)","Real","3 (Mild)","Real","6 (Very Severe)","Real","5 (Severe)","Real","5 (Severe)","Real","","Not Real","4 (Moderate)","Real","5 (Severe)","Real","5 (Severe)","Real","5 (Severe)","Real","7 (Extremely Severe)","Real","5 (Severe)","Real","","Real","3 (Mild)","Real","Male","","18 - 25 years old","Yes","No","No","No","No","No"
"164","1980-01-01 00:00:00","6","en","936219212","","Yes","No","Yes","No","Yes","Less than 5 hours","No","No","No","No","No","Yes","Passive Participant (Reading posts, Attending Events, ...)","Yes","No, I don't identify as a gamer, even though I play games.","","5 (Severe)","6 (Very Severe)","7 (Extremely Severe)","7 (Extremely Severe)","6 (Very Severe)","7 (Extremely Severe)","7 (Extremely Severe)","7 (Extremely Severe)","Disagree","Strongly agree","Strongly agree","Strongly disagree","Strongly agree","Often","Often","Always","Often","Sometimes","Sometimes","Rarely","Rarely","Strongly disagree","Agree","Strongly agree","Strongly disagree","Strongly agree","Agree","Disagree","","5 (Severe)","Real","6 (Very Severe)","Real","6 (Very Severe)","Real","7 (Extremely Severe)","Real","7 (Extremely Severe)","Real","","","7 (Extremely Severe)","Real","7 (Extremely Severe)","","7 (Extremely Severe)","Real","7 (Extremely Severe)","Real","7 (Extremely Severe)","Real","7 (Extremely Severe)","Real","5 (Severe)","Real","5 (Severe)","Real","Female","","18 - 25 years old","Yes","Yes","No","No","No","No"
"165","1980-01-01 00:00:00","6","en","1539100778","","Yes","No","Yes","No","Yes","5 to 10 hours","No","No","Yes","No","No","No","Passive Participant (Reading posts, Attending Events, ...)","No","Somewhat, I identify as a gamer in certain contexts.","","5 (Severe)","4 (Moderate)","6 (Very Severe)","7 (Extremely Severe)","5 (Severe)","6 (Very Severe)","5 (Severe)","4 (Moderate)","Agree","Neutral","Strongly disagree","Neutral","Disagree","Rarely","Rarely","Sometimes","Rarely","Often","Rarely","Never","Never","Strongly disagree","Disagree","Agree","Disagree","Strongly disagree","Agree","Disagree","","2 (Very Mild)","","3 (Mild)","","3 (Mild)","","7 (Extremely Severe)","","7 (Extremely Severe)","","","","6 (Very Severe)","","7 (Extremely Severe)","","6 (Very Severe)","","7 (Extremely Severe)","","7 (Extremely Severe)","","6 (Very Severe)","","5 (Severe)","","5 (Severe)","","Male","","18 - 25 years old","Yes","No","No","No","No","No"
"166","1980-01-01 00:00:00","6","en","373991834","","Yes","No","Yes","No","No","Less than 5 hours","No","No","No","Yes","No","No","Passive Participant (Reading posts, Attending Events, ...)","No","Somewhat, I identify as a gamer in certain contexts.","","4 (Moderate)","2 (Very Mild)","5 (Severe)","3 (Mild)","3 (Mild)","2 (Very Mild)","2 (Very Mild)","6 (Very Severe)","Disagree","Neutral","Disagree","Disagree","Agree","Always","Always","Never","Often","Never","Often","Never","Often","Strongly disagree","Disagree","Agree","Disagree","Neutral","Strongly disagree","Disagree","","5 (Severe)","Real","5 (Severe)","Real","5 (Severe)","Real","5 (Severe)","Real","5 (Severe)","Real","4 (Moderate)","Real","4 (Moderate)","Not Real","6 (Very Severe)","Not Real","4 (Moderate)","Not Real","6 (Very Severe)","Not Real","7 (Extremely Severe)","Real","5 (Severe)","Real","5 (Severe)","Real","5 (Severe)","Not Real","Male","","25 - 35 years old","Yes","No","No","No","No","No"
"167","1980-01-01 00:00:00","6","en","1913398253","","Yes","No","Yes","No","No","More than 20 hours","Yes","No","No","No","No","No","Active Participant (Posting, Organizing Events, Moderating Communities, ...)","No","Somewhat, I identify as a gamer in certain contexts.","","7 (Extremely Severe)","7 (Extremely Severe)","5 (Severe)","7 (Extremely Severe)","5 (Severe)","6 (Very Severe)","7 (Extremely Severe)","6 (Very Severe)","Agree","Strongly agree","Neutral","Strongly disagree","Agree","Always","Always","Often","Rarely","Often","Often","Never","Never","Strongly disagree","Disagree","Agree","Disagree","Disagree","Strongly agree","Disagree","","3 (Mild)","Real","6 (Very Severe)","Real","5 (Severe)","Real","7 (Extremely Severe)","Real","5 (Severe)","Real","","","4 (Moderate)","Real","6 (Very Severe)","Not Real","6 (Very Severe)","Real","7 (Extremely Severe)","Real","7 (Extremely Severe)","Real","7 (Extremely Severe)","Real","1 (Not Severe at All)","Real","4 (Moderate)","Real","Male","","Over 35 years old","Yes","No","No","No","No","No"
"170","1980-01-01 00:00:00","6","en","1637573220","","Yes","No","Yes","No","No","10 to 20 hours","No","No","Yes","Yes","No","No","Not involved (""just"" playing)","No","Yes, I strongly identify as a gamer.","","7 (Extremely Severe)","5 (Severe)","7 (Extremely Severe)","7 (Extremely Severe)","6 (Very Severe)","6 (Very Severe)","7 (Extremely Severe)","6 (Very Severe)","Strongly agree","Strongly agree","Agree","Neutral","Agree","Always","Always","Sometimes","Sometimes","Often","Often","Sometimes","Sometimes","Strongly disagree","Neutral","Strongly agree","Disagree","Agree","Strongly agree","Agree","","4 (Moderate)","Real","6 (Very Severe)","Real","6 (Very Severe)","Real","7 (Extremely Severe)","Real","4 (Moderate)","Real","6 (Very Severe)","Real","6 (Very Severe)","Real","7 (Extremely Severe)","Real","7 (Extremely Severe)","Real","7 (Extremely Severe)","Real","7 (Extremely Severe)","Real","6 (Very Severe)","Real","6 (Very Severe)","Real","6 (Very Severe)","Real","Male","","18 - 25 years old","Yes","No","No","No","No","No"
"171","1980-01-01 00:00:00","6","en","686134651","","Yes","No","No","Yes","No","10 to 20 hours","No","No","Yes","No","No","No","Not involved (""just"" playing)","Yes","Somewhat, I identify as a gamer in certain contexts.","","6 (Very Severe)","6 (Very Severe)","6 (Very Severe)","7 (Extremely Severe)","3 (Mild)","7 (Extremely Severe)","7 (Extremely Severe)","1 (Not Severe at All)","Disagree","Strongly agree","Strongly agree","Strongly disagree","Strongly agree","Often","Often","Always","Always","Sometimes","Sometimes","Often","Often","Strongly agree","Strongly agree","Strongly agree","Strongly disagree","Strongly agree","Strongly agree","Disagree","","1 (Not Severe at All)","Real","2 (Very Mild)","Real","3 (Mild)","Real","5 (Severe)","Real","6 (Very Severe)","Real","1 (Not Severe at All)","Not Real","4 (Moderate)","Real","6 (Very Severe)","Real","3 (Mild)","Not Real","7 (Extremely Severe)","Real","7 (Extremely Severe)","Real","4 (Moderate)","Real","1 (Not Severe at All)","Real","3 (Mild)","Not Real","Female","","18 - 25 years old","Yes","No","No","No","No","No"
